S.No,Form_Number,Roll_No,Enrollment_No,Applicant_Name,Section,Batch,Source
1.0,MMMUT260003487,2026011001,2026CED0375,AARAV SINGH,CE1A,CE1A1,CE A
2.0,MMMUT260004852,2026011002,2026CED0376,ABHAY NANDAN PANDEY,CE1A,CE1A1,CE A
3.0,MMMUT260000594,2026011003,2026CED0377,ABHINAV KUMAR,CE1A,CE1A1,CE A
4.0,MMMUT260002436,2026011004,2026CED0378,ABHISHEK KUMAR,CE1A,CE1A1,CE A
5.0,MMMUT260004627,2026011005,2026CED0379,ADARSH YADAV,CE1A,CE1A1,CE A
6.0,MMMUT260004673,2026011006,2026CED0380,ADITI SINGH,CE1A,CE1A1,CE A
7.0,MMMUT260000834,2026011007,2026CED0381,AISHWARY CHAUBEY,CE1A,CE1A1,CE A
8.0,MMMUT260000059,2026011008,2026CED0382,ALOK MISHRA,CE1A,CE1A1,CE A
9.0,MMMUT260000236,2026011009,2026CED0383,AMAN KUMAR YADAV,CE1A,CE1A1,CE A
10.0,MMMUT260004790,2026011010,2026CED0384,AMAN MAURYA,CE1A,CE1A1,CE A
11.0,MMMUT260000873,2026011011,2026CED0385,ANKIT CHAUDHARY,CE1A,CE1A1,CE A
12.0,MMMUT260001121,2026011012,2026CED0386,ANKIT RAJ,CE1A,CE1A1,CE A
13.0,MMMUT260000202,2026011013,2026CED0387,ANKUR LAL CHAURASIA,CE1A,CE1A1,CE A
14.0,MMMUT260001732,2026011014,2026CED0388,ANSHIKA NIGAM,CE1A,CE1A1,CE A
15.0,MMMUT260000305,2026011015,2026CED0389,ANSHU KUMAR,CE1A,CE1A1,CE A
16.0,MMMUT260000442,2026011016,2026CED0390,ANUBHAV SINGH,CE1A,CE1A1,CE A
17.0,MMMUT260000220,2026011017,2026CED0391,ANUJ KESHARWANI,CE1A,CE1A1,CE A
18.0,MMMUT260006641,2026011018,2026CED0392,ANURAG SHARMA,CE1A,CE1A1,CE A
19.0,MMMUT260003034,2026011019,2026CED0393,ANUSHKA SINGH,CE1A,CE1A1,CE A
20.0,MMMUT260002892,2026011020,2026CED0394,ARIHANT SINGH,CE1A,CE1A1,CE A
21.0,MMMUT260003552,2026011021,2026CED0395,ARPITA PANDEY,CE1A,CE1A1,CE A
22.0,MMMUT260006638,2026011022,2026CED0396,ARSHIT GOYAL,CE1A,CE1A1,CE A
23.0,MMMUT260000574,2026011023,2026CED0397,ASHWIKA SINGH,CE1A,CE1A1,CE A
24.0,MMMUT260001745,2026011024,2026CED0398,ATUL KUMAR MAURYA,CE1A,CE1A1,CE A
25.0,MMMUT260006776,2026011025,2026CED0399,AVNEESH SINGH,CE1A,CE1A1,CE A
26.0,MMMUT260001865,2026011026,2026CED0400,AYUSH VERMA,CE1A,CE1A1,CE A
27.0,MMMUT260001103,2026011027,2026CED0401,CHAHAT TIWARI,CE1A,CE1A1,CE A
28.0,MMMUT260000659,2026011028,2026CED0402,CHITRANSH MISHRA,CE1A,CE1A1,CE A
29.0,MMMUT260001581,2026011029,2026CED0403,DEVANSH YADAV,CE1A,CE1A1,CE A
30.0,MMMUT260003358,2026011030,2026CED0404,DIMPAL YADAV,CE1A,CE1A1,CE A
31.0,MMMUT260000605,2026011031,2026CED0405,DIVYANSH SHUKLA,CE1A,CE1A1,CE A
32.0,MMMUT260001557,2026011032,2026CED0406,DIVYANSH SINGH,CE1A,CE1A1,CE A
33.0,MMMUT260000689,2026011033,2026CED0407,EKTA PANDEY,CE1A,CE1A1,CE A
34.0,MMMUT260002112,2026011034,2026CED0408,HARSH,CE1A,CE1A1,CE A
35.0,MMMUT260006731,2026011035,2026CED0409,HARSHIT TRIVEDI,CE1A,CE1A1,CE A
36.0,MMMUT260003124,2026011036,2026CED0410,KAUSHLESH KUMAR SHUKLA,CE1A,CE1A2,CE A
37.0,MMMUT260002924,2026011037,2026CED0411,KUMARI SAPNA SINGH,CE1A,CE1A2,CE A
38.0,MMMUT260001346,2026011038,2026CED0412,MAYANK CHOUDHARY,CE1A,CE1A2,CE A
39.0,MMMUT260002593,2026011039,2026CED0413,NAVEEN PRAKASH MALL,CE1A,CE1A2,CE A
40.0,MMMUT260004759,2026011040,2026CED0414,NIKHIL SAHU,CE1A,CE1A2,CE A
41.0,MMMUT260003931,2026011041,2026CED0415,NITIN KUMAR GOND,CE1A,CE1A2,CE A
42.0,MMMUT260002711,2026011042,2026CED0416,NITIN KUMAR PANDEY,CE1A,CE1A2,CE A
43.0,MMMUT260000227,2026011043,2026CED0417,PRAKHAR PANDEY,CE1A,CE1A2,CE A
44.0,MMMUT260001292,2026011044,2026CED0418,PRAKHAR PATEL,CE1A,CE1A2,CE A
45.0,MMMUT260002814,2026011045,2026CED0419,PRAMJEET SINGH YADAV,CE1A,CE1A2,CE A
46.0,MMMUT260002438,2026011046,2026CED0420,PRASOON YADAV,CE1A,CE1A2,CE A
47.0,MMMUT260006785,2026011047,2026CED0421,PRATEEK SHUKLA,CE1A,CE1A2,CE A
48.0,MMMUT260002043,2026011048,2026CED0422,PRIYAMBADA PANDEY,CE1A,CE1A2,CE A
49.0,MMMUT260006693,2026011049,2026CED0423,RAJAT GUPTA,CE1A,CE1A2,CE A
50.0,MMMUT260000267,2026011050,2026CED0424,RAJVEER SINGH,CE1A,CE1A2,CE A
51.0,MMMUT260003071,2026011051,2026CED0425,RAKESH KUMAR,CE1A,CE1A2,CE A
52.0,MMMUT260004139,2026011052,2026CED0426,RAM PRAKASH MISHRA,CE1A,CE1A2,CE A
53.0,MMMUT260002834,2026011053,2026CED0427,RITESH KUMAR,CE1A,CE1A2,CE A
54.0,MMMUT260003361,2026011054,2026CED0428,RIYA YADAV,CE1A,CE1A2,CE A
55.0,MMMUT260003025,2026011055,2026CED0429,ROHAN RAJDHAN,CE1A,CE1A2,CE A
56.0,MMMUT260002087,2026011056,2026CED0430,RUDRANSH CHAUDHARY,CE1A,CE1A2,CE A
57.0,MMMUT260003016,2026011057,2026CED0431,SACHIN RAJBHAR,CE1A,CE1A2,CE A
58.0,MMMUT260006767,2026011058,2026CED0432,SHASHANK,CE1A,CE1A2,CE A
59.0,MMMUT260002349,2026011059,2026CED0433,SHASHWAT MISHRA,CE1A,CE1A2,CE A
60.0,MMMUT260000238,2026011060,2026CED0434,SHAURYA TIWARI,CE1A,CE1A2,CE A
61.0,MMMUT260003184,2026011061,2026CED0435,SHIVANGI GUPTA,CE1A,CE1A2,CE A
62.0,MMMUT260001515,2026011062,2026CED0436,SHIVANSHI,CE1A,CE1A2,CE A
63.0,MMMUT260002921,2026011063,2026CED0437,SHIVENDRA MAURYA,CE1A,CE1A2,CE A
64.0,MMMUT260003286,2026011064,2026CED0438,SHOURY VERMA,CE1A,CE1A2,CE A
65.0,MMMUT260002520,2026011065,2026CED0439,SHREESH TRIPATHI,CE1A,CE1A2,CE A
66.0,MMMUT260000967,2026011066,2026CED0440,TANISH GANGWAR,CE1A,CE1A2,CE A
67.0,MMMUT260001032,2026011067,2026CED0441,TANU SINGH,CE1A,CE1A2,CE A
68.0,MMMUT260000144,2026011068,2026CED0442,VIKASH VAIBHAV,CE1A,CE1A2,CE A
69.0,MMMUT260001997,2026011069,2026CED0443,VIVEK KUMAR,CE1A,CE1A2,CE A
1.0,MMMUT260000262,2026011101,2026CED0444,ABHAY KUMAR,CE1B,CE1B1,CE B
2.0,MMMUT260003352,2026011102,2026CED0445,ABHINAV DIXIT,CE1B,CE1B1,CE B
3.0,MMMUT260000748,2026011103,2026CED0446,ABHINAV RAI,CE1B,CE1B1,CE B
4.0,MMMUT260003856,2026011104,2026CED0447,ABHINAV YADAV,CE1B,CE1B1,CE B
5.0,MMMUT260004446,2026011105,2026CED0448,ABHISHEK KUMAR,CE1B,CE1B1,CE B
6.0,MMMUT260003451,2026011106,2026CED0449,ABHISHEK VYAS,CE1B,CE1B1,CE B
7.0,MMMUT260000909,2026011107,2026CED0450,ADAMYA RAI,CE1B,CE1B1,CE B
8.0,MMMUT260004191,2026011108,2026CED0451,ADARSH PRAJAPATI,CE1B,CE1B1,CE B
9.0,MMMUT260006627,2026011109,2026CED0452,ADHYAYAN PRAKASH DUBEY,CE1B,CE1B1,CE B
10.0,MMMUT260001095,2026011110,2026CED0453,ADITYA KUMAR,CE1B,CE1B1,CE B
11.0,MMMUT260000097,2026011111,2026CED0454,ADITYA SINGH,CE1B,CE1B1,CE B
12.0,MMMUT260004120,2026011112,2026CED0455,AISWARYE TRIPATHI,CE1B,CE1B1,CE B
13.0,MMMUT260000793,2026011113,2026CED0456,AMEY SHEKHAR,CE1B,CE1B1,CE B
14.0,MMMUT260004366,2026011114,2026CED0457,AMIT KUMAR GUPTA,CE1B,CE1B1,CE B
15.0,MMMUT260001756,2026011115,2026CED0458,AMRITA YADAV,CE1B,CE1B1,CE B
16.0,MMMUT260002964,2026011116,2026CED0459,ANCHAL,CE1B,CE1B1,CE B
17.0,MMMUT260003524,2026011117,2026CED0460,ANKIT BINDAL,CE1B,CE1B1,CE B
18.0,MMMUT260004917,2026011118,2026CED0461,ANKIT CHANDRA,CE1B,CE1B1,CE B
19.0,MMMUT260004534,2026011119,2026CED0462,ANUJ CHAUHAN,CE1B,CE1B1,CE B
20.0,MMMUT260001198,2026011120,2026CED0463,ARADHYA SHANKAR,CE1B,CE1B1,CE B
21.0,MMMUT260000955,2026011121,2026CED0464,ARTIK VERMA,CE1B,CE1B1,CE B
22.0,MMMUT260006700,2026011122,2026CED0465,ARYAN YADAV,CE1B,CE1B1,CE B
23.0,MMMUT260004334,2026011123,2026CED0466,ATHARV PAL SURYAVANSHI,CE1B,CE1B1,CE B
24.0,MMMUT260001321,2026011124,2026CED0467,ATUL KUMAR SINGH,CE1B,CE1B1,CE B
25.0,MMMUT260000362,2026011125,2026CED0468,AVNISH YADAV,CE1B,CE1B1,CE B
26.0,MMMUT260001744,2026011126,2026CED0469,AYAN ABBAS,CE1B,CE1B1,CE B
27.0,MMMUT260000545,2026011127,2026CED0470,AYUSH GOSWAMI,CE1B,CE1B1,CE B
28.0,MMMUT260001813,2026011128,2026CED0471,AYUSH JAISWAL,CE1B,CE1B1,CE B
29.0,MMMUT260003728,2026011129,2026CED0472,AYUSH TRIPATHI,CE1B,CE1B1,CE B
30.0,MMMUT260001780,2026011130,2026CED0473,DIPESH GUPTA,CE1B,CE1B1,CE B
31.0,MMMUT260000579,2026011131,2026CED0474,DIVYANSH YADAV,CE1B,CE1B1,CE B
32.0,MMMUT260006612,2026011132,2026CED0475,DIVYANSHU SHARMA,CE1B,CE1B1,CE B
33.0,MMMUT260002266,2026011133,2026CED0476,GEETANJALI,CE1B,CE1B1,CE B
34.0,MMMUT260004794,2026011134,2026CED0477,GOPAL KRISHNA,CE1B,CE1B1,CE B
35.0,MMMUT260003773,2026011135,2026CED0478,HARSH DEEP SINGH YADAV,CE1B,CE1B1,CE B
36.0,MMMUT260003419,2026011136,2026CED0479,HARSH SINGH,CE1B,CE1B2,CE B
37.0,MMMUT260000373,2026011137,2026CED0480,HARSH VARDHAN SINGH,CE1B,CE1B2,CE B
38.0,MMMUT260000653,2026011138,2026CED0481,HARSHIT KUMAR SINGH,CE1B,CE1B2,CE B
39.0,MMMUT260001340,2026011139,2026CED0482,HIMANSHI GUPTA,CE1B,CE1B2,CE B
40.0,MMMUT260000280,2026011140,2026CED0483,JOVITA TRIPATHI,CE1B,CE1B2,CE B
41.0,MMMUT260001421,2026011141,2026CED0484,KARTIKEY SINGH,CE1B,CE1B2,CE B
42.0,MMMUT260001869,2026011142,2026CED0485,NAMAN SINGH,CE1B,CE1B2,CE B
43.0,MMMUT260000020,2026011143,2026CED0486,NAVNEET SINGH,CE1B,CE1B2,CE B
44.0,MMMUT260000353,2026011144,2026CED0487,PRAGYANKAR CHANDRA,CE1B,CE1B2,CE B
45.0,MMMUT260003348,2026011145,2026CED0488,PRAKHAR DHAR DUBEY,CE1B,CE1B2,CE B
46.0,MMMUT260001448,2026011146,2026CED0489,PRATISHTHA SINGH,CE1B,CE1B2,CE B
47.0,MMMUT260000314,2026011147,2026CED0490,PRIYANSHU YADAV,CE1B,CE1B2,CE B
48.0,MMMUT260006865,2026011148,2026CED0491,RATNESH KUMAR SINGH,CE1B,CE1B2,CE B
49.0,MMMUT260004086,2026011149,2026CED0492,RUDRANSH SHUKLA,CE1B,CE1B2,CE B
50.0,MMMUT260000937,2026011150,2026CED0493,SAMEER VISHWAKARMA,CE1B,CE1B2,CE B
51.0,MMMUT260006650,2026011151,2026CED0494,SAMRIDDHI YADAV,CE1B,CE1B2,CE B
52.0,MMMUT260003990,2026011152,2026CED0495,SANDEEP SHARMA,CE1B,CE1B2,CE B
53.0,MMMUT260006858,2026011153,2026CED0496,SARTHAK SINGH,CE1B,CE1B2,CE B
54.0,MMMUT260006654,2026011154,2026CED0497,SARVESH YADAV,CE1B,CE1B2,CE B
55.0,MMMUT260003369,2026011155,2026CED0498,SHASHI PRAKASH,CE1B,CE1B2,CE B
56.0,MMMUT260001442,2026011156,2026CED0499,SHIKHA GUPTA,CE1B,CE1B2,CE B
57.0,MMMUT260006635,2026011157,2026CED0500,SHIKHER RAGHUVANSH,CE1B,CE1B2,CE B
58.0,MMMUT260000167,2026011158,2026CED0501,SHIVAM KUMAR,CE1B,CE1B2,CE B
59.0,MMMUT260000726,2026011159,2026CED0502,SHIVANI SINGH,CE1B,CE1B2,CE B
60.0,MMMUT260000956,2026011160,2026CED0503,SHREYANSH SHAKYA,CE1B,CE1B2,CE B
61.0,MMMUT260000448,2026011161,2026CED0504,SHYAM RAUNIYAR,CE1B,CE1B2,CE B
62.0,MMMUT260003558,2026011162,2026CED0505,SUYASH TRIPATHI,CE1B,CE1B2,CE B
63.0,MMMUT260001599,2026011163,2026CED0506,TANUSHREE JAISWAL,CE1B,CE1B2,CE B
64.0,MMMUT260000456,2026011164,2026CED0507,UJJAWAL KUMAR SINGH,CE1B,CE1B2,CE B
65.0,MMMUT260001811,2026011165,2026CED0508,UJJWAL YADAV,CE1B,CE1B2,CE B
66.0,MMMUT260002109,2026011166,2026CED0509,VEDANSH MISHRA,CE1B,CE1B2,CE B
67.0,MMMUT260000277,2026011167,2026CED0510,VIBHAV DEV,CE1B,CE1B2,CE B
68.0,MMMUT260001438,2026011168,2026CED0511,VISHAL PRAJAPATI,CE1B,CE1B2,CE B
69.0,MMMUT260006841,2026011169,2026CED0512,VIVEKANAND SINGH,CE1B,CE1B2,CE B
1.0,MMMUT260004080,2026021001,2026CSD0513,AADITYA SRIVASTAVA,CSE1A,CSE1A1,CSE A
2.0,MMMUT260000025,2026021002,2026CSD0514,AAKARSH SINGH,CSE1A,CSE1A1,CSE A
3.0,MMMUT260001617,2026021003,2026CSD0515,ABHISHEK KUMAR,CSE1A,CSE1A1,CSE A
4.0,MMMUT260003388,2026021004,2026CSD0516,ADARSH KISHAN BHAI PATEL,CSE1A,CSE1A1,CSE A
5.0,MMMUT260001511,2026021005,2026CSD0517,AKASH KUMAR,CSE1A,CSE1A1,CSE A
6.0,MMMUT260002741,2026021006,2026CSD0518,AMAN MADDHESIYA,CSE1A,CSE1A1,CSE A
7.0,MMMUT260002351,2026021007,2026CSD0519,AMAN SINGH,CSE1A,CSE1A1,CSE A
8.0,MMMUT260002265,2026021008,2026CSD0520,AMAN YADAV,CSE1A,CSE1A1,CSE A
9.0,MMMUT260005065,2026021009,2026CSD0521,AMIT KUMAR,CSE1A,CSE1A1,CSE A
10.0,MMMUT260004902,2026021010,2026CSD0522,ANKITA TIWARI,CSE1A,CSE1A1,CSE A
11.0,MMMUT260002717,2026021011,2026CSD0523,ANMOL GUPTA,CSE1A,CSE1A1,CSE A
12.0,MMMUT260000535,2026021012,2026CSD0524,ANNU SINGH,CSE1A,CSE1A1,CSE A
13.0,MMMUT260000643,2026021013,2026CSD0525,ANUJ KUMAR YADAV,CSE1A,CSE1A1,CSE A
14.0,MMMUT260000458,2026021014,2026CSD0526,ANURAG,CSE1A,CSE1A1,CSE A
15.0,MMMUT260001954,2026021015,2026CSD0527,ARUN PRATAP SINGH,CSE1A,CSE1A1,CSE A
16.0,MMMUT260004909,2026021016,2026CSD0528,ARYAN SONI,CSE1A,CSE1A1,CSE A
17.0,MMMUT260001375,2026021017,2026CSD0529,ASHISH KUMAR,CSE1A,CSE1A1,CSE A
18.0,MMMUT260001248,2026021018,2026CSD0530,ASHUTOSH GUPTA,CSE1A,CSE1A1,CSE A
19.0,MMMUT260003012,2026021019,2026CSD0531,ASHUTOSH TIWARI,CSE1A,CSE1A1,CSE A
20.0,MMMUT260003345,2026021020,2026CSD0532,ASHWANI SINGH,CSE1A,CSE1A1,CSE A
21.0,MMMUT260002896,2026021021,2026CSD0533,ATUL,CSE1A,CSE1A1,CSE A
22.0,MMMUT260000049,2026021022,2026CSD0534,AYUSH RAJ,CSE1A,CSE1A1,CSE A
23.0,MMMUT260002852,2026021023,2026CSD0535,AYUSHI SINGH,CSE1A,CSE1A1,CSE A
24.0,MMMUT260001393,2026021024,2026CSD0536,AYUSHMAAN TIWARI,CSE1A,CSE1A1,CSE A
25.0,MMMUT260004186,2026021025,2026CSD0537,CHANDRA VIJAY SINGH,CSE1A,CSE1A1,CSE A
26.0,MMMUT260001793,2026021026,2026CSD0538,DEV KUMAR,CSE1A,CSE1A1,CSE A
27.0,MMMUT260000766,2026021027,2026CSD0539,DHIRENDRA KUMAR TRIPATHI,CSE1A,CSE1A1,CSE A
28.0,MMMUT260000694,2026021028,2026CSD0540,DIPESH KUMAR MAURYA,CSE1A,CSE1A1,CSE A
29.0,MMMUT260003324,2026021029,2026CSD0541,DIVYANSH KUMAR JAISWAR,CSE1A,CSE1A1,CSE A
30.0,MMMUT260000660,2026021030,2026CSD0542,HARIKESH KUMAR,CSE1A,CSE1A1,CSE A
31.0,MMMUT260000760,2026021031,2026CSD0543,HARSHIT KUSHWAHA,CSE1A,CSE1A1,CSE A
32.0,MMMUT260003653,2026021032,2026CSD0544,ISHANT KUMAR RAI,CSE1A,CSE1A1,CSE A
33.0,MMMUT260000887,2026021033,2026CSD0545,JITENDRA SINGH,CSE1A,CSE1A1,CSE A
34.0,MMMUT260003697,2026021034,2026CSD0546,KAIRA SINGH,CSE1A,CSE1A1,CSE A
35.0,MMMUT260000409,2026021035,2026CSD0547,KANAK RANJAN,CSE1A,CSE1A1,CSE A
36.0,MMMUT260000118,2026021036,2026CSD0548,KRISHNA KUMAR DUBEY,CSE1A,CSE1A1,CSE A
37.0,MMMUT260000454,2026021037,2026CSD0549,KUSHAGRA NARAYAN,CSE1A,CSE1A1,CSE A
38.0,MMMUT260000157,2026021038,2026CSD0550,MAYANK KUMAR,CSE1A,CSE1A2,CSE A
39.0,MMMUT260003165,2026021039,2026CSD0551,NIDHI,CSE1A,CSE1A2,CSE A
40.0,MMMUT260001260,2026021040,2026CSD0552,NIRALI MISHRA,CSE1A,CSE1A2,CSE A
41.0,MMMUT260002276,2026021041,2026CSD0553,NISHANT SRIVASTAVA,CSE1A,CSE1A2,CSE A
42.0,MMMUT260004032,2026021042,2026CSD0554,PIYUSH RAJ,CSE1A,CSE1A2,CSE A
43.0,MMMUT260000199,2026021043,2026CSD0555,PRAKHAR KUMAR SRIVASTAVA,CSE1A,CSE1A2,CSE A
44.0,MMMUT260004683,2026021044,2026CSD0556,PRASUN SINGH,CSE1A,CSE1A2,CSE A
45.0,MMMUT260002799,2026021045,2026CSD0557,RANDHEER KUMAR,CSE1A,CSE1A2,CSE A
46.0,MMMUT260003156,2026021046,2026CSD0558,REKHA YADAV,CSE1A,CSE1A2,CSE A
47.0,MMMUT260002099,2026021047,2026CSD0559,RISHABH JANGPANGI,CSE1A,CSE1A2,CSE A
48.0,MMMUT260000265,2026021048,2026CSD0560,RISHIKESH NANDAN,CSE1A,CSE1A2,CSE A
49.0,MMMUT260003624,2026021049,2026CSD0561,RITESH,CSE1A,CSE1A2,CSE A
50.0,MMMUT260004580,2026021050,2026CSD0562,RUDRA PRATAP SINGH,CSE1A,CSE1A2,CSE A
51.0,MMMUT260001612,2026021051,2026CSD0563,SAKSHAM DUBEY,CSE1A,CSE1A2,CSE A
52.0,MMMUT260001987,2026021052,2026CSD0564,SAMRAT SINGH,CSE1A,CSE1A2,CSE A
53.0,MMMUT260004204,2026021053,2026CSD0565,SAPTARSHI MISHRA,CSE1A,CSE1A2,CSE A
54.0,MMMUT260001303,2026021054,2026CSD0566,SATYAM PRAJAPATI,CSE1A,CSE1A2,CSE A
55.0,MMMUT260000904,2026021055,2026CSD0567,SHAGUN SHAHI,CSE1A,CSE1A2,CSE A
56.0,MMMUT260001710,2026021056,2026CSD0568,SHIVAM KUMAR,CSE1A,CSE1A2,CSE A
57.0,MMMUT260001517,2026021057,2026CSD0569,SHIVAM KUMAR PRAJAPATI,CSE1A,CSE1A2,CSE A
58.0,MMMUT260002304,2026021058,2026CSD0570,SHIVAM KUMAR SINGH,CSE1A,CSE1A2,CSE A
59.0,MMMUT260001263,2026021059,2026CSD0571,SHIVANSH KUMAR TRIPATHI,CSE1A,CSE1A2,CSE A
60.0,MMMUT260000313,2026021060,2026CSD0572,SHIVANSH MANI TRIPATHI,CSE1A,CSE1A2,CSE A
61.0,MMMUT260001864,2026021061,2026CSD0573,SHIVANSHU BHARDWAJ,CSE1A,CSE1A2,CSE A
62.0,MMMUT260003466,2026021062,2026CSD0574,SHOBHIT SINGH,CSE1A,CSE1A2,CSE A
63.0,MMMUT260002816,2026021063,2026CSD0575,SHRESHTH KESHARI,CSE1A,CSE1A2,CSE A
64.0,MMMUT260001884,2026021064,2026CSD0576,SIDDHANT SRIVASTAVA,CSE1A,CSE1A2,CSE A
65.0,MMMUT260000358,2026021065,2026CSD0577,SIDDHARTHA NISHCHAL BAISWAR,CSE1A,CSE1A2,CSE A
66.0,MMMUT260001326,2026021066,2026CSD0578,SWATI SINGH,CSE1A,CSE1A2,CSE A
67.0,MMMUT260003232,2026021067,2026CSD0579,TANISHK SONI,CSE1A,CSE1A2,CSE A
68.0,MMMUT260001561,2026021068,2026CSD0580,UPASNA,CSE1A,CSE1A2,CSE A
69.0,MMMUT260002345,2026021069,2026CSD0581,VANSHIKA VARSHNEY,CSE1A,CSE1A2,CSE A
70.0,MMMUT260002987,2026021070,2026CSD0582,VINAYAK SHARMA,CSE1A,CSE1A2,CSE A
71.0,MMMUT260001837,2026021071,2026CSD0583,VISAL KUMAR,CSE1A,CSE1A2,CSE A
72.0,MMMUT260003357,2026021072,2026CSD0584,VIVASWAN TIWARI,CSE1A,CSE1A2,CSE A
73.0,MMMUT260001590,2026021073,2026CSD0585,ZAID,CSE1A,CSE1A2,CSE A
1.0,MMMUT260002107,2026021101,2026CSD0586,AAYUSH KUMAR MISHRA,CSE1B,CSE1B1,CSE B
2.0,MMMUT260000389,2026021102,2026CSD0587,ABHISHEK KUMAR,CSE1B,CSE1B1,CSE B
3.0,MMMUT260000945,2026021103,2026CSD0588,ADITI TRIPATHI,CSE1B,CSE1B1,CSE B
4.0,MMMUT260001424,2026021104,2026CSD0589,ADITYA KUMAR,CSE1B,CSE1B1,CSE B
5.0,MMMUT260003448,2026021105,2026CSD0590,AISHWARYA KASAUDHAN,CSE1B,CSE1B1,CSE B
6.0,MMMUT260001147,2026021106,2026CSD0591,AKANKSHA,CSE1B,CSE1B1,CSE B
7.0,MMMUT260003735,2026021107,2026CSD0592,ALOK MATHUR,CSE1B,CSE1B1,CSE B
8.0,MMMUT260004245,2026021108,2026CSD0593,AMIT VERMA,CSE1B,CSE1B1,CSE B
9.0,MMMUT260000233,2026021109,2026CSD0594,ANKUR PANDEY,CSE1B,CSE1B1,CSE B
10.0,MMMUT260002696,2026021110,2026CSD0595,ANSH KUMAR PAL,CSE1B,CSE1B1,CSE B
11.0,MMMUT260004968,2026021111,2026CSD0596,ANUJ DUBEY,CSE1B,CSE1B1,CSE B
12.0,MMMUT260001313,2026021112,2026CSD0597,ANURADHA KUMARI,CSE1B,CSE1B1,CSE B
13.0,MMMUT260001349,2026021113,2026CSD0598,ANUSHKA SAXENA,CSE1B,CSE1B1,CSE B
14.0,MMMUT260002863,2026021114,2026CSD0599,ANUSHKA SRIVASTAVA,CSE1B,CSE1B1,CSE B
15.0,MMMUT260000252,2026021115,2026CSD0600,ANWITA GUPTA,CSE1B,CSE1B1,CSE B
16.0,MMMUT260001563,2026021116,2026CSD0601,ARIHANT JAIN,CSE1B,CSE1B1,CSE B
17.0,MMMUT260000369,2026021117,2026CSD0602,ARYAN AGARWAL,CSE1B,CSE1B1,CSE B
18.0,MMMUT260003839,2026021118,2026CSD0603,ARYAN SRIVASTAVA,CSE1B,CSE1B1,CSE B
19.0,MMMUT260000972,2026021119,2026CSD0604,ARYAN YADAV,CSE1B,CSE1B1,CSE B
20.0,MMMUT260000959,2026021120,2026CSD0605,ASHISH KHARWAR,CSE1B,CSE1B1,CSE B
21.0,MMMUT260002190,2026021121,2026CSD0606,ASHUTOSH KUMAR MAURYA,CSE1B,CSE1B1,CSE B
22.0,MMMUT260003824,2026021122,2026CSD0607,AYUSHMAN RAJPOOT,CSE1B,CSE1B1,CSE B
23.0,MMMUT260004835,2026021123,2026CSD0608,DIVYANG,CSE1B,CSE1B1,CSE B
24.0,MMMUT260001175,2026021124,2026CSD0609,EKLAVYA,CSE1B,CSE1B1,CSE B
25.0,MMMUT260003689,2026021125,2026CSD0610,HARIOM GUPTA,CSE1B,CSE1B1,CSE B
26.0,MMMUT260000799,2026021126,2026CSD0611,HARSH GAUTAM,CSE1B,CSE1B1,CSE B
27.0,MMMUT260000330,2026021127,2026CSD0612,HARSHIT SINGH,CSE1B,CSE1B1,CSE B
28.0,MMMUT260003225,2026021128,2026CSD0613,JAYESH PANDEY,CSE1B,CSE1B1,CSE B
29.0,MMMUT260003069,2026021129,2026CSD0614,KULDEEP KUMAR,CSE1B,CSE1B1,CSE B
30.0,MMMUT260001419,2026021130,2026CSD0615,LAKSHYA SINGH,CSE1B,CSE1B1,CSE B
31.0,MMMUT260003375,2026021131,2026CSD0616,LOKESH KUMAR SAINI,CSE1B,CSE1B1,CSE B
32.0,MMMUT260000822,2026021132,2026CSD0617,MANYA SINGH,CSE1B,CSE1B1,CSE B
33.0,MMMUT260004134,2026021133,2026CSD0618,MAYANK,CSE1B,CSE1B1,CSE B
34.0,MMMUT260002713,2026021134,2026CSD0619,MAYANK VERMA,CSE1B,CSE1B1,CSE B
35.0,MMMUT260003592,2026021135,2026CSD0620,NAGESH YADAV,CSE1B,CSE1B1,CSE B
36.0,MMMUT260002742,2026021136,2026CSD0621,NAMAN BHANDARI,CSE1B,CSE1B1,CSE B
37.0,MMMUT260004341,2026021137,2026CSD0622,NAVIN,CSE1B,CSE1B1,CSE B
38.0,MMMUT260002296,2026021138,2026CSD0623,NEELESH DWIVEDI,CSE1B,CSE1B2,CSE B
39.0,MMMUT260004467,2026021139,2026CSD0624,NIKHIL KUMAR MAURYA,CSE1B,CSE1B2,CSE B
40.0,MMMUT260002598,2026021140,2026CSD0625,NITESH PASWAN,CSE1B,CSE1B2,CSE B
41.0,MMMUT260000499,2026021141,2026CSD0626,NITISH VERMA,CSE1B,CSE1B2,CSE B
42.0,MMMUT260000828,2026021142,2026CSD0627,PALLAVI VERMA,CSE1B,CSE1B2,CSE B
43.0,MMMUT260002365,2026021143,2026CSD0628,PIYUSH ARYA,CSE1B,CSE1B2,CSE B
44.0,MMMUT260000070,2026021144,2026CSD0629,PRABHAT SINGH,CSE1B,CSE1B2,CSE B
45.0,MMMUT260004154,2026021145,2026CSD0630,PRANAV DHAMA,CSE1B,CSE1B2,CSE B
46.0,MMMUT260000963,2026021146,2026CSD0631,PRATEEK,CSE1B,CSE1B2,CSE B
47.0,MMMUT260003763,2026021147,2026CSD0632,PRINCE KUMAR,CSE1B,CSE1B2,CSE B
48.0,MMMUT260002690,2026021148,2026CSD0633,PRINCE YADAV,CSE1B,CSE1B2,CSE B
49.0,MMMUT260004919,2026021149,2026CSD0634,RAGHAVENDRA SAVITA,CSE1B,CSE1B2,CSE B
50.0,MMMUT260000525,2026021150,2026CSD0635,RAVI KUMAR SINGH,CSE1B,CSE1B2,CSE B
51.0,MMMUT260004439,2026021151,2026CSD0636,RISHABH DEV SHUKLA,CSE1B,CSE1B2,CSE B
52.0,MMMUT260001849,2026021152,2026CSD0637,SACHIN KUMAR,CSE1B,CSE1B2,CSE B
53.0,MMMUT260001170,2026021153,2026CSD0638,SACHIN KUMAR PAL,CSE1B,CSE1B2,CSE B
54.0,MMMUT260000783,2026021154,2026CSD0639,SAKSHI MISHRA,CSE1B,CSE1B2,CSE B
55.0,MMMUT260001914,2026021155,2026CSD0640,SANDEEP KUMAR,CSE1B,CSE1B2,CSE B
56.0,MMMUT260000255,2026021156,2026CSD0641,SHIKHAR NAMDEV,CSE1B,CSE1B2,CSE B
57.0,MMMUT260003555,2026021157,2026CSD0642,SHIRISH KASHYAP,CSE1B,CSE1B2,CSE B
58.0,MMMUT260001307,2026021158,2026CSD0643,SHISHIR PANDEY,CSE1B,CSE1B2,CSE B
59.0,MMMUT260003836,2026021159,2026CSD0644,SHIVAM GAUR,CSE1B,CSE1B2,CSE B
60.0,MMMUT260002905,2026021160,2026CSD0645,SHIVAM KUMAR JHA,CSE1B,CSE1B2,CSE B
61.0,MMMUT260000530,2026021161,2026CSD0646,SHIVANSH TRIPATHI,CSE1B,CSE1B2,CSE B
62.0,MMMUT260004632,2026021162,2026CSD0647,SUDHANSHU SINGH,CSE1B,CSE1B2,CSE B
63.0,MMMUT260004215,2026021163,2026CSD0648,SUDHANSU,CSE1B,CSE1B2,CSE B
64.0,MMMUT260001416,2026021164,2026CSD0649,SUDHIR CHAUHAN,CSE1B,CSE1B2,CSE B
65.0,MMMUT260002129,2026021165,2026CSD0650,TANMAY BHARTI,CSE1B,CSE1B2,CSE B
66.0,MMMUT260000232,2026021166,2026CSD0651,TARUN GAURAV,CSE1B,CSE1B2,CSE B
67.0,MMMUT260003869,2026021167,2026CSD0652,TEJASWA JAISWAL,CSE1B,CSE1B2,CSE B
68.0,MMMUT260001600,2026021168,2026CSD0653,UPLAKSH SHARMA,CSE1B,CSE1B2,CSE B
69.0,MMMUT260002054,2026021169,2026CSD0654,UTKARSH SINGH,CSE1B,CSE1B2,CSE B
70.0,MMMUT260002344,2026021170,2026CSD0655,VAIBHAV DIXIT,CSE1B,CSE1B2,CSE B
71.0,MMMUT260004117,2026021171,2026CSD0656,VAIBHAV PATHAK,CSE1B,CSE1B2,CSE B
72.0,MMMUT260004057,2026021172,2026CSD0657,VAIBHAV TRIPATHI,CSE1B,CSE1B2,CSE B
73.0,MMMUT260001242,2026021173,2026CSD0658,YASHRAJ PRAJAPATI,CSE1B,CSE1B2,CSE B
1.0,MMMUT260001550,2026021201,2026CSD0659,AARCHVEER SINGH,CSE1C,CSE1C1,CSE C
2.0,MMMUT260002255,2026021202,2026CSD0660,ABHISHEK SINGH,CSE1C,CSE1C1,CSE C
3.0,MMMUT260003139,2026021203,2026CSD0661,ACHYUT NATH TRIPATHI,CSE1C,CSE1C1,CSE C
4.0,MMMUT260004930,2026021204,2026CSD0662,ALAKH RAJ,CSE1C,CSE1C1,CSE C
5.0,MMMUT260001027,2026021205,2026CSD0663,ANAMIKA GOND,CSE1C,CSE1C1,CSE C
6.0,MMMUT260002523,2026021206,2026CSD0664,ANCHAL,CSE1C,CSE1C1,CSE C
7.0,MMMUT260000682,2026021207,2026CSD0665,ANKESH KUMAR,CSE1C,CSE1C1,CSE C
8.0,MMMUT260002062,2026021208,2026CSD0666,ANMOL PACHAURI,CSE1C,CSE1C1,CSE C
9.0,MMMUT260000270,2026021209,2026CSD0667,ANSH RAJ SRIVASTAVA,CSE1C,CSE1C1,CSE C
10.0,MMMUT260002840,2026021210,2026CSD0668,ANSH YADAV,CSE1C,CSE1C1,CSE C
11.0,MMMUT260003236,2026021211,2026CSD0669,ANSHIMA AGNIHOTRI,CSE1C,CSE1C1,CSE C
12.0,MMMUT260002362,2026021212,2026CSD0670,ANTRA PANDEY,CSE1C,CSE1C1,CSE C
13.0,MMMUT260004473,2026021213,2026CSD0671,ANUSHKA KUMARI VERMA,CSE1C,CSE1C1,CSE C
14.0,MMMUT260002736,2026021214,2026CSD0672,APARNA TIWARI,CSE1C,CSE1C1,CSE C
15.0,MMMUT260001552,2026021215,2026CSD0673,ARADHYA SINGH,CSE1C,CSE1C1,CSE C
16.0,MMMUT260002171,2026021216,2026CSD0674,ARPIT CHAUDHARY,CSE1C,CSE1C1,CSE C
17.0,MMMUT260000155,2026021217,2026CSD0675,ARUNESH SINGH,CSE1C,CSE1C1,CSE C
18.0,MMMUT260004343,2026021218,2026CSD0676,ARYAMAN GARG,CSE1C,CSE1C1,CSE C
19.0,MMMUT260000661,2026021219,2026CSD0677,ARYAN SINGH,CSE1C,CSE1C1,CSE C
20.0,MMMUT260001530,2026021220,2026CSD0678,ARYAVEER MAITREYA,CSE1C,CSE1C1,CSE C
21.0,MMMUT260001151,2026021221,2026CSD0679,ATHARV S MISHRA,CSE1C,CSE1C1,CSE C
22.0,MMMUT260002841,2026021222,2026CSD0680,ATUL CHAUDHARY,CSE1C,CSE1C1,CSE C
23.0,MMMUT260001427,2026021223,2026CSD0681,ATUL YADAV,CSE1C,CSE1C1,CSE C
24.0,MMMUT260001596,2026021224,2026CSD0682,AYUSH KUMAR,CSE1C,CSE1C1,CSE C
25.0,MMMUT260001675,2026021225,2026CSD0683,AYUSH PAL,CSE1C,CSE1C1,CSE C
26.0,MMMUT260004288,2026021226,2026CSD0684,AYUSH RAJPOOT,CSE1C,CSE1C1,CSE C
27.0,MMMUT260000287,2026021227,2026CSD0685,DISHA DHULIYA,CSE1C,CSE1C1,CSE C
28.0,MMMUT260000998,2026021228,2026CSD0686,DIVYANSH MANI TIWARI,CSE1C,CSE1C1,CSE C
29.0,MMMUT260001156,2026021229,2026CSD0687,DIVYANSHU SINGH,CSE1C,CSE1C1,CSE C
30.0,MMMUT260003832,2026021230,2026CSD0688,GAURAV KANAUJIYA,CSE1C,CSE1C1,CSE C
31.0,MMMUT260003266,2026021231,2026CSD0689,GAURISH KUMAR SONI,CSE1C,CSE1C1,CSE C
32.0,MMMUT260002008,2026021232,2026CSD0690,HIMANSHU KUMAR,CSE1C,CSE1C1,CSE C
33.0,MMMUT260004036,2026021233,2026CSD0691,KARTIK SHARMA,CSE1C,CSE1C1,CSE C
34.0,MMMUT260004792,2026021234,2026CSD0692,KHUSHBOO YADAV,CSE1C,CSE1C1,CSE C
35.0,MMMUT260002587,2026021235,2026CSD0693,KULDEEP KUMAR,CSE1C,CSE1C1,CSE C
36.0,MMMUT260000107,2026021236,2026CSD0694,LAKSHAY SHARMA,CSE1C,CSE1C1,CSE C
37.0,MMMUT260001672,2026021237,2026CSD0695,MANU CHOUDHARY,CSE1C,CSE1C1,CSE C
38.0,MMMUT260002417,2026021238,2026CSD0696,MOHD AALI SALMAN,CSE1C,CSE1C2,CSE C
39.0,MMMUT260003413,2026021239,2026CSD0697,NIKUNJ JAIN,CSE1C,CSE1C2,CSE C
40.0,MMMUT260003347,2026021240,2026CSD0698,NIRBHAY KUMAR GAUTAM,CSE1C,CSE1C2,CSE C
41.0,MMMUT260000061,2026021241,2026CSD0699,NITYA TRIPATHI,CSE1C,CSE1C2,CSE C
42.0,MMMUT260003257,2026021242,2026CSD0700,PIYUSH KUMAR,CSE1C,CSE1C2,CSE C
43.0,MMMUT260004804,2026021243,2026CSD0701,PRAFULL RAI,CSE1C,CSE1C2,CSE C
44.0,MMMUT260002689,2026021244,2026CSD0702,PRINCE VARMA,CSE1C,CSE1C2,CSE C
45.0,MMMUT260000217,2026021245,2026CSD0703,PRIYANSHU MAURYA,CSE1C,CSE1C2,CSE C
46.0,MMMUT260000086,2026021246,2026CSD0704,PULKIT MISHRA,CSE1C,CSE1C2,CSE C
47.0,MMMUT260000698,2026021247,2026CSD0705,RAJ JAISWAL,CSE1C,CSE1C2,CSE C
48.0,MMMUT260001284,2026021248,2026CSD0706,ROHIT KUMAR,CSE1C,CSE1C2,CSE C
49.0,MMMUT260003337,2026021249,2026CSD0707,SAKSHAM JAISWAL,CSE1C,CSE1C2,CSE C
50.0,MMMUT260004619,2026021250,2026CSD0708,SAMEER PATEL,CSE1C,CSE1C2,CSE C
51.0,MMMUT260000340,2026021251,2026CSD0709,SATYAM TIWARI,CSE1C,CSE1C2,CSE C
52.0,MMMUT260000011,2026021252,2026CSD0710,SHASWAT TIWARI,CSE1C,CSE1C2,CSE C
53.0,MMMUT260003230,2026021253,2026CSD0711,SHAURYA GUPTA,CSE1C,CSE1C2,CSE C
54.0,MMMUT260002610,2026021254,2026CSD0712,SHIVAM KUMAR,CSE1C,CSE1C2,CSE C
55.0,MMMUT260003614,2026021255,2026CSD0713,SHIVANSH SINGH,CSE1C,CSE1C2,CSE C
56.0,MMMUT260004461,2026021256,2026CSD0714,SHIVENDRA KUMAR,CSE1C,CSE1C2,CSE C
57.0,MMMUT260000354,2026021257,2026CSD0715,SHREY AGARWAL,CSE1C,CSE1C2,CSE C
58.0,MMMUT260002807,2026021258,2026CSD0716,SHREYASH TRIVEDI,CSE1C,CSE1C2,CSE C
59.0,MMMUT260005119,2026021259,2026CSD0717,SHUBHAM SHUKLA,CSE1C,CSE1C2,CSE C
60.0,MMMUT260002601,2026021260,2026CSD0718,SRISTY SHAH,CSE1C,CSE1C2,CSE C
61.0,MMMUT260004097,2026021261,2026CSD0719,SUMIT GUPTA,CSE1C,CSE1C2,CSE C
62.0,MMMUT260000344,2026021262,2026CSD0720,TANISH PATEL,CSE1C,CSE1C2,CSE C
63.0,MMMUT260002075,2026021263,2026CSD0721,UJJAWAL TRIPATHI,CSE1C,CSE1C2,CSE C
64.0,MMMUT260005004,2026021264,2026CSD0722,UTKARSH GUPTA,CSE1C,CSE1C2,CSE C
65.0,MMMUT260001668,2026021265,2026CSD0723,UTSAV SINGH,CSE1C,CSE1C2,CSE C
66.0,MMMUT260002901,2026021266,2026CSD0724,VIBHAVARI PATEL,CSE1C,CSE1C2,CSE C
67.0,MMMUT260002849,2026021267,2026CSD0725,VIDHU CHAITANYA,CSE1C,CSE1C2,CSE C
68.0,MMMUT260001959,2026021268,2026CSD0726,VIRAT SINGH,CSE1C,CSE1C2,CSE C
69.0,MMMUT260004276,2026021269,2026CSD0727,VISHAL VERMA,CSE1C,CSE1C2,CSE C
70.0,MMMUT260000849,2026021270,2026CSD0728,YAHVI MOHAN,CSE1C,CSE1C2,CSE C
71.0,MMMUT260002259,2026021271,2026CSD0729,YASH JHA,CSE1C,CSE1C2,CSE C
72.0,MMMUT260003370,2026021272,2026CSD0730,YASHI TIWARI,CSE1C,CSE1C2,CSE C
73.0,MMMUT260002573,2026021273,2026CSD0731,YUVRAJ KUMAR,CSE1C,CSE1C2,CSE C
1.0,MMMUT260000294,2026021301,2026CSD0732,ABHYUDAY SINGH,CSE1D,CSE1D1,CSE D
2.0,MMMUT260003455,2026021302,2026CSD0733,ADITYA KUMAR DUBEY,CSE1D,CSE1D1,CSE D
3.0,MMMUT260002292,2026021303,2026CSD0734,AMAAN RAZA KHAN,CSE1D,CSE1D1,CSE D
4.0,MMMUT260000248,2026021304,2026CSD0735,ANKIT KUMAR KASAUDHAN,CSE1D,CSE1D1,CSE D
5.0,MMMUT260000721,2026021305,2026CSD0736,ANKIT SONKAR,CSE1D,CSE1D1,CSE D
6.0,MMMUT260002041,2026021306,2026CSD0737,ANKITA KUMARI DABGAR,CSE1D,CSE1D1,CSE D
7.0,MMMUT260003402,2026021307,2026CSD0738,ANUJ SONKER,CSE1D,CSE1D1,CSE D
8.0,MMMUT260001691,2026021308,2026CSD0739,ANUPAM KUMAR,CSE1D,CSE1D1,CSE D
9.0,MMMUT260000767,2026021309,2026CSD0740,ARPIT SINHA,CSE1D,CSE1D1,CSE D
10.0,MMMUT260004045,2026021310,2026CSD0741,ASHWANI PAL,CSE1D,CSE1D1,CSE D
11.0,MMMUT260001747,2026021311,2026CSD0742,ASHWANI SINGH,CSE1D,CSE1D1,CSE D
12.0,MMMUT260002135,2026021312,2026CSD0743,AVANI GUPTA,CSE1D,CSE1D1,CSE D
13.0,MMMUT260000093,2026021313,2026CSD0744,AVINAY KUMAR,CSE1D,CSE1D1,CSE D
14.0,MMMUT260002386,2026021314,2026CSD0745,AYUSH MISHRA,CSE1D,CSE1D1,CSE D
15.0,MMMUT260000102,2026021315,2026CSD0746,AYUSH SINGH,CSE1D,CSE1D1,CSE D
16.0,MMMUT260005127,2026021316,2026CSD0747,CHETNA SINGH,CSE1D,CSE1D1,CSE D
17.0,MMMUT260003166,2026021317,2026CSD0748,DEEPAK KATHERIA,CSE1D,CSE1D1,CSE D
18.0,MMMUT260000751,2026021318,2026CSD0749,DEVARSHI GUPTA,CSE1D,CSE1D1,CSE D
19.0,MMMUT260001799,2026021319,2026CSD0750,DIKSHA KUMARI,CSE1D,CSE1D1,CSE D
20.0,MMMUT260000016,2026021320,2026CSD0751,DIVYANSHI KUMARI,CSE1D,CSE1D1,CSE D
21.0,MMMUT260000050,2026021321,2026CSD0752,EPSHITA SOMANI,CSE1D,CSE1D1,CSE D
22.0,MMMUT260004458,2026021322,2026CSD0753,GARGI SINGH,CSE1D,CSE1D1,CSE D
23.0,MMMUT260003393,2026021323,2026CSD0754,GURMAN KAUR,CSE1D,CSE1D1,CSE D
24.0,MMMUT260001037,2026021324,2026CSD0755,HARDIK YADAV,CSE1D,CSE1D1,CSE D
25.0,MMMUT260003248,2026021325,2026CSD0756,HARSHIT CHAURASIYA,CSE1D,CSE1D1,CSE D
26.0,MMMUT260001978,2026021326,2026CSD0757,HARSHIT PAL,CSE1D,CSE1D1,CSE D
27.0,MMMUT260000532,2026021327,2026CSD0758,IRA UTKARSH,CSE1D,CSE1D1,CSE D
28.0,MMMUT260002450,2026021328,2026CSD0759,IRFAN ALAM,CSE1D,CSE1D1,CSE D
29.0,MMMUT260003570,2026021329,2026CSD0760,KARTIKEY DHIMAN,CSE1D,CSE1D1,CSE D
30.0,MMMUT260000882,2026021330,2026CSD0761,KARTIKEYA SINGH,CSE1D,CSE1D1,CSE D
31.0,MMMUT260002275,2026021331,2026CSD0762,KASHISH RAJPUT,CSE1D,CSE1D1,CSE D
32.0,MMMUT260001692,2026021332,2026CSD0763,KAVISH KANAUJIA,CSE1D,CSE1D1,CSE D
33.0,MMMUT260002877,2026021333,2026CSD0764,KISALAY KUSHAWAHA,CSE1D,CSE1D1,CSE D
34.0,MMMUT260003581,2026021334,2026CSD0765,KISHAN KUMAR,CSE1D,CSE1D1,CSE D
35.0,MMMUT260004085,2026021335,2026CSD0766,KISHAN KUSHAVAHA,CSE1D,CSE1D1,CSE D
36.0,MMMUT260001480,2026021336,2026CSD0767,KRISHNA NARAYAN TRIPATHI,CSE1D,CSE1D1,CSE D
37.0,MMMUT260002868,2026021337,2026CSD0768,LAKSHAY VERMA,CSE1D,CSE1D1,CSE D
38.0,MMMUT260002853,2026021338,2026CSD0769,MISTHI JAISWAL,CSE1D,CSE1D2,CSE D
39.0,MMMUT260004327,2026021339,2026CSD0770,NEELESH SINGH,CSE1D,CSE1D2,CSE D
40.0,MMMUT260001252,2026021340,2026CSD0771,PIYUSH MISHRA,CSE1D,CSE1D2,CSE D
41.0,MMMUT260001623,2026021341,2026CSD0772,PRAGYA GUPTA,CSE1D,CSE1D2,CSE D
42.0,MMMUT260001774,2026021342,2026CSD0773,PRAKHAR TRIPATHI,CSE1D,CSE1D2,CSE D
43.0,MMMUT260000968,2026021343,2026CSD0774,PRASHANT MISHRA,CSE1D,CSE1D2,CSE D
44.0,MMMUT260004156,2026021344,2026CSD0775,PRIYANSHU TIWARI,CSE1D,CSE1D2,CSE D
45.0,MMMUT260002565,2026021345,2026CSD0776,RAJVEER SINGH,CSE1D,CSE1D2,CSE D
46.0,MMMUT260003445,2026021346,2026CSD0777,RIDDHIMA OMAR,CSE1D,CSE1D2,CSE D
47.0,MMMUT260002269,2026021347,2026CSD0778,SAKSHI BHARDWAJ,CSE1D,CSE1D2,CSE D
48.0,MMMUT260000844,2026021348,2026CSD0779,SAMARTH RASTOGI,CSE1D,CSE1D2,CSE D
49.0,MMMUT260000866,2026021349,2026CSD0780,SATAKSHI SINGH,CSE1D,CSE1D2,CSE D
50.0,MMMUT260001341,2026021350,2026CSD0781,SHALU,CSE1D,CSE1D2,CSE D
51.0,MMMUT260002496,2026021351,2026CSD0782,SHASHWAT,CSE1D,CSE1D2,CSE D
52.0,MMMUT260000936,2026021352,2026CSD0783,SHIKHA,CSE1D,CSE1D2,CSE D
53.0,MMMUT260002656,2026021353,2026CSD0784,SHIVAM SHUKLA,CSE1D,CSE1D2,CSE D
54.0,MMMUT260000500,2026021354,2026CSD0785,SHIVANGI SINGH,CSE1D,CSE1D2,CSE D
55.0,MMMUT260000631,2026021355,2026CSD0786,SHIVANK CHAUDHARY,CSE1D,CSE1D2,CSE D
56.0,MMMUT260003951,2026021356,2026CSD0787,SHIVANSHU YADAV,CSE1D,CSE1D2,CSE D
57.0,MMMUT260001233,2026021357,2026CSD0788,SHIVVENDRA KUMAR,CSE1D,CSE1D2,CSE D
58.0,MMMUT260000669,2026021358,2026CSD0789,SHRADDHA GUPTA,CSE1D,CSE1D2,CSE D
59.0,MMMUT260001974,2026021359,2026CSD0790,SHREYA SINGH,CSE1D,CSE1D2,CSE D
60.0,MMMUT260000640,2026021360,2026CSD0791,SHRUTI SHUKLA,CSE1D,CSE1D2,CSE D
61.0,MMMUT260002393,2026021361,2026CSD0792,SUDHANSHU SRIVASTAVA,CSE1D,CSE1D2,CSE D
62.0,MMMUT260002125,2026021362,2026CSD0793,SWARNIM NEGI,CSE1D,CSE1D2,CSE D
63.0,MMMUT260001805,2026021363,2026CSD0794,SWAYASH JHARKHARIA,CSE1D,CSE1D2,CSE D
64.0,MMMUT260004556,2026021364,2026CSD0795,TARESH MITTAL,CSE1D,CSE1D2,CSE D
65.0,MMMUT260001649,2026021365,2026CSD0796,UMESH KUMAR,CSE1D,CSE1D2,CSE D
66.0,MMMUT260001996,2026021366,2026CSD0797,UTKARSH,CSE1D,CSE1D2,CSE D
67.0,MMMUT260000570,2026021367,2026CSD0798,UTKARSH DUBEY,CSE1D,CSE1D2,CSE D
68.0,MMMUT260004828,2026021368,2026CSD0799,UTKARSH SINGH,CSE1D,CSE1D2,CSE D
69.0,MMMUT260003643,2026021369,2026CSD0800,VAIBHAV KUMAR,CSE1D,CSE1D2,CSE D
70.0,MMMUT260003239,2026021370,2026CSD0801,VAIJNATH YADAV,CSE1D,CSE1D2,CSE D
71.0,MMMUT260003334,2026021371,2026CSD0802,VIKASH YADAV,CSE1D,CSE1D2,CSE D
72.0,MMMUT260003008,2026021372,2026CSD0803,VIPIN GOND,CSE1D,CSE1D2,CSE D
73.0,MMMUT260004171,2026021373,2026CSD0804,VIVEK SINGH RATHORE,CSE1D,CSE1D2,CSE D
1.0,MMMUT260000186,2026031001,2026EED0805,AADARSH CHANDRASHEKHAR PRASAD,EE1A,EE1A1,EE A
2.0,MMMUT260002149,2026031002,2026EED0806,ABHIGYAN PRATAP SINGH,EE1A,EE1A1,EE A
3.0,MMMUT260000883,2026031003,2026EED0807,ABHIJEET PATHAK,EE1A,EE1A1,EE A
4.0,MMMUT260001232,2026031004,2026EED0808,ABHIRAJ SHUKLA,EE1A,EE1A1,EE A
5.0,MMMUT260001845,2026031005,2026EED0809,ADITYA PATEL,EE1A,EE1A1,EE A
6.0,MMMUT260004002,2026031006,2026EED0810,AMAN GUPTA,EE1A,EE1A1,EE A
7.0,MMMUT260000047,2026031007,2026EED0811,ANNYA,EE1A,EE1A1,EE A
8.0,MMMUT260001520,2026031008,2026EED0812,ANSHUMAAN MISHRA,EE1A,EE1A1,EE A
9.0,MMMUT260003607,2026031009,2026EED0813,ANSHUMAN PANDEY,EE1A,EE1A1,EE A
10.0,MMMUT260000651,2026031010,2026EED0814,ANURAG SINGH,EE1A,EE1A1,EE A
11.0,MMMUT260001324,2026031011,2026EED0815,ANVESH SINGH,EE1A,EE1A1,EE A
12.0,MMMUT260003491,2026031012,2026EED0816,ARSHDEEP,EE1A,EE1A1,EE A
13.0,MMMUT260001231,2026031013,2026EED0817,ARYAN RAJ,EE1A,EE1A1,EE A
14.0,MMMUT260004020,2026031014,2026EED0818,ARYAN YADAV,EE1A,EE1A1,EE A
15.0,MMMUT260001478,2026031015,2026EED0819,ASHUTOSH,EE1A,EE1A1,EE A
16.0,MMMUT260004942,2026031016,2026EED0820,ATHARV AWASTHI,EE1A,EE1A1,EE A
17.0,MMMUT260000658,2026031017,2026EED0821,AYUSH GAUTAM,EE1A,EE1A1,EE A
18.0,MMMUT260002934,2026031018,2026EED0822,AYUSH SHUKLA,EE1A,EE1A1,EE A
19.0,MMMUT260000854,2026031019,2026EED0823,BAJARANGI YADAV,EE1A,EE1A1,EE A
20.0,MMMUT260001854,2026031020,2026EED0824,BHUMI TRIPATHI,EE1A,EE1A1,EE A
21.0,MMMUT260000247,2026031021,2026EED0825,CHANDAN JAISWAL,EE1A,EE1A1,EE A
22.0,MMMUT260001129,2026031022,2026EED0826,DIVYA,EE1A,EE1A1,EE A
23.0,MMMUT260001713,2026031023,2026EED0827,DIVYANSH GUPTA,EE1A,EE1A1,EE A
24.0,MMMUT260000213,2026031024,2026EED0828,GYANENDRA YADAV,EE1A,EE1A1,EE A
25.0,MMMUT260002874,2026031025,2026EED0829,HARIPRIYA KASHYAP,EE1A,EE1A1,EE A
26.0,MMMUT260002457,2026031026,2026EED0830,HARSH KUMAR AGRAWAL,EE1A,EE1A1,EE A
27.0,MMMUT260000919,2026031027,2026EED0831,HARSHITA SINGH,EE1A,EE1A1,EE A
28.0,MMMUT260003089,2026031028,2026EED0832,JATIN KUMAR,EE1A,EE1A1,EE A
29.0,MMMUT260003718,2026031029,2026EED0833,JAYANT,EE1A,EE1A1,EE A
30.0,MMMUT260002507,2026031030,2026EED0834,JAYANT BALIYAN,EE1A,EE1A1,EE A
31.0,MMMUT260000023,2026031031,2026EED0835,KIRAN GOND,EE1A,EE1A1,EE A
32.0,MMMUT260002683,2026031032,2026EED0836,KUSHAGRA SHARMA,EE1A,EE1A1,EE A
33.0,MMMUT260003610,2026031033,2026EED0837,KUSHAGRA SINGH,EE1A,EE1A1,EE A
34.0,MMMUT260000407,2026031034,2026EED0838,KUSHAL KUMAR SINGH,EE1A,EE1A1,EE A
35.0,MMMUT260000351,2026031035,2026EED0839,LARANYA MITTAL,EE1A,EE1A1,EE A
36.0,MMMUT260001384,2026031036,2026EED0840,MANISH YADAV,EE1A,EE1A2,EE A
37.0,MMMUT260001979,2026031037,2026EED0841,NAMRATA,EE1A,EE1A2,EE A
38.0,MMMUT260003398,2026031038,2026EED0842,NANDINI TIWARI,EE1A,EE1A2,EE A
39.0,MMMUT260001597,2026031039,2026EED0843,PRANJAL DUBEY,EE1A,EE1A2,EE A
40.0,MMMUT260001045,2026031040,2026EED0844,PRATEEK SRIVASTAV,EE1A,EE1A2,EE A
41.0,MMMUT260002813,2026031041,2026EED0845,PRATIBHA SINGH,EE1A,EE1A2,EE A
42.0,MMMUT260001117,2026031042,2026EED0846,PRATYUSH TRIPATHI,EE1A,EE1A2,EE A
43.0,MMMUT260003135,2026031043,2026EED0847,PRIYANSH TIWARI,EE1A,EE1A2,EE A
44.0,MMMUT260002108,2026031044,2026EED0848,RAHUL SINHA,EE1A,EE1A2,EE A
45.0,MMMUT260002153,2026031045,2026EED0849,RISHABH SINGH,EE1A,EE1A2,EE A
46.0,MMMUT260001163,2026031046,2026EED0850,RISHI DWIVEDI,EE1A,EE1A2,EE A
47.0,MMMUT260002607,2026031047,2026EED0851,RITAM GHOSH,EE1A,EE1A2,EE A
48.0,MMMUT260000571,2026031048,2026EED0852,SAMAYJEET SINGH,EE1A,EE1A2,EE A
49.0,MMMUT260000779,2026031049,2026EED0853,SANA FATIMA,EE1A,EE1A2,EE A
50.0,MMMUT260004502,2026031050,2026EED0854,SATYAM,EE1A,EE1A2,EE A
51.0,MMMUT260001999,2026031051,2026EED0855,SHISHIL SINGH,EE1A,EE1A2,EE A
52.0,MMMUT260001455,2026031052,2026EED0856,SHIVAM KUMAR SINGH,EE1A,EE1A2,EE A
53.0,MMMUT260001609,2026031053,2026EED0857,SHIVAM MANSINGH CHAUHAN,EE1A,EE1A2,EE A
54.0,MMMUT260003049,2026031054,2026EED0858,SHREYANSH SINGH,EE1A,EE1A2,EE A
55.0,MMMUT260001727,2026031055,2026EED0859,SIDDHARTH SINGH,EE1A,EE1A2,EE A
56.0,MMMUT260003022,2026031056,2026EED0860,SIMRAN SINGH,EE1A,EE1A2,EE A
57.0,MMMUT260001639,2026031057,2026EED0861,SIZAN AHMAD,EE1A,EE1A2,EE A
58.0,MMMUT260004802,2026031058,2026EED0862,SNEHAL KUMAR GUPTA,EE1A,EE1A2,EE A
59.0,MMMUT260000143,2026031059,2026EED0863,SOMYA SINGH BHADORIYA,EE1A,EE1A2,EE A
60.0,MMMUT260001783,2026031060,2026EED0864,SONU,EE1A,EE1A2,EE A
61.0,MMMUT260000962,2026031061,2026EED0865,SUBRAT CHAUHAN,EE1A,EE1A2,EE A
62.0,MMMUT260001486,2026031062,2026EED0866,SUDHANSHU KUMAR,EE1A,EE1A2,EE A
63.0,MMMUT260003220,2026031063,2026EED0867,SUDHEER MISHRA,EE1A,EE1A2,EE A
64.0,MMMUT260003877,2026031064,2026EED0868,VAISHNAVI MISHRA,EE1A,EE1A2,EE A
65.0,MMMUT260003690,2026031065,2026EED0869,VIPUL CHAUBEY,EE1A,EE1A2,EE A
66.0,MMMUT260001981,2026031066,2026EED0870,VISHAL KUMAR,EE1A,EE1A2,EE A
67.0,MMMUT260001938,2026031067,2026EED0871,VISHAL SINGH,EE1A,EE1A2,EE A
68.0,MMMUT260001472,2026031068,2026EED0872,VIVEK KUMAR,EE1A,EE1A2,EE A
69.0,MMMUT260001636,2026031069,2026EED0873,VIVEK YADAV,EE1A,EE1A2,EE A
1.0,MMMUT260004429,2026031101,2026EED0874,AARUSHI RAWAT,EE1B,EE1B1,EE B
2.0,MMMUT260000903,2026031102,2026EED0875,ABHINAV PATEL,EE1B,EE1B1,EE B
3.0,MMMUT260002657,2026031103,2026EED0876,ABHISHEK MAURYA,EE1B,EE1B1,EE B
4.0,MMMUT260001347,2026031104,2026EED0877,ADARSH DUBEY,EE1B,EE1B1,EE B
5.0,MMMUT260000668,2026031105,2026EED0878,ADARSH PANDEY,EE1B,EE1B1,EE B
6.0,MMMUT260000923,2026031106,2026EED0879,ADITYA DUBEY,EE1B,EE1B1,EE B
7.0,MMMUT260000489,2026031107,2026EED0880,AJIT KUMAR YADAV,EE1B,EE1B1,EE B
8.0,MMMUT260003418,2026031108,2026EED0881,AKSHAT,EE1B,EE1B1,EE B
9.0,MMMUT260001113,2026031109,2026EED0882,AKSHAT GUPTA,EE1B,EE1B1,EE B
10.0,MMMUT260002442,2026031110,2026EED0883,AKSHAT SHUKLA,EE1B,EE1B1,EE B
11.0,MMMUT260004483,2026031111,2026EED0884,AKSHITA MISHRA,EE1B,EE1B1,EE B
12.0,MMMUT260003246,2026031112,2026EED0885,AMAN YADAV,EE1B,EE1B1,EE B
13.0,MMMUT260002632,2026031113,2026EED0886,ANANT SINGH,EE1B,EE1B1,EE B
14.0,MMMUT260003421,2026031114,2026EED0887,ANJIT SINGH,EE1B,EE1B1,EE B
15.0,MMMUT260000885,2026031115,2026EED0888,ANSH UTTAM,EE1B,EE1B1,EE B
16.0,MMMUT260003242,2026031116,2026EED0889,ANSHUL PAL,EE1B,EE1B1,EE B
17.0,MMMUT260001936,2026031117,2026EED0890,ARADHANA AGRAHARI,EE1B,EE1B1,EE B
18.0,MMMUT260002145,2026031118,2026EED0891,ARIF ALI,EE1B,EE1B1,EE B
19.0,MMMUT260002196,2026031119,2026EED0892,ARSH SHUKLA,EE1B,EE1B1,EE B
20.0,MMMUT260002239,2026031120,2026EED0893,ARYAN KUMAR RAO,EE1B,EE1B1,EE B
21.0,MMMUT260001273,2026031121,2026EED0894,ASHISH KUMAR,EE1B,EE1B1,EE B
22.0,MMMUT260001001,2026031122,2026EED0895,ASHISH KUMAR,EE1B,EE1B1,EE B
23.0,MMMUT260003346,2026031123,2026EED0896,ASHUTOSH PANDEY,EE1B,EE1B1,EE B
24.0,MMMUT260001532,2026031124,2026EED0897,ASHWIN NATH PAL,EE1B,EE1B1,EE B
25.0,MMMUT260002660,2026031125,2026EED0898,ASMIT,EE1B,EE1B1,EE B
26.0,MMMUT260001325,2026031126,2026EED0899,AVINASH YADAV,EE1B,EE1B1,EE B
27.0,MMMUT260003496,2026031127,2026EED0900,AYUSH MAAN SINGH,EE1B,EE1B1,EE B
28.0,MMMUT260002789,2026031128,2026EED0901,DEEKSHA SINGH,EE1B,EE1B1,EE B
29.0,MMMUT260000443,2026031129,2026EED0902,DEEPANSHU GOEL,EE1B,EE1B1,EE B
30.0,MMMUT260000997,2026031130,2026EED0903,DEVANSHU RAJ,EE1B,EE1B1,EE B
31.0,MMMUT260001653,2026031131,2026EED0904,DIVYANSHU CHAUDHARY,EE1B,EE1B1,EE B
32.0,MMMUT260004785,2026031132,2026EED0905,GAURAV PANDEY,EE1B,EE1B1,EE B
33.0,MMMUT260001174,2026031133,2026EED0906,GOVIND GAUTAM,EE1B,EE1B1,EE B
34.0,MMMUT260001249,2026031134,2026EED0907,HARSH KESHARWANI,EE1B,EE1B1,EE B
35.0,MMMUT260000875,2026031135,2026EED0908,JAYVEER SINGH,EE1B,EE1B1,EE B
36.0,MMMUT260002933,2026031136,2026EED0909,KARAN PRATAP YADAV,EE1B,EE1B2,EE B
37.0,MMMUT260001828,2026031137,2026EED0910,KARTIK GUPTA,EE1B,EE1B2,EE B
38.0,MMMUT260002316,2026031138,2026EED0911,KRISHNA KANT SAROJ,EE1B,EE1B2,EE B
39.0,MMMUT260000815,2026031139,2026EED0912,KRISHNA PRATAP SINGH,EE1B,EE1B2,EE B
40.0,MMMUT260003001,2026031140,2026EED0913,KRISHNA SINGH,EE1B,EE1B2,EE B
41.0,MMMUT260001613,2026031141,2026EED0914,KUMAR SHUBHANSHU,EE1B,EE1B2,EE B
42.0,MMMUT260001505,2026031142,2026EED0915,KUNWAR MANISH ADARSH,EE1B,EE1B2,EE B
43.0,MMMUT260001625,2026031143,2026EED0916,LAKHAN YADAV,EE1B,EE1B2,EE B
44.0,MMMUT260004005,2026031144,2026EED0917,NITISH KUMAR YADAV,EE1B,EE1B2,EE B
45.0,MMMUT260003660,2026031145,2026EED0918,PARTH PANDEY,EE1B,EE1B2,EE B
46.0,MMMUT260000589,2026031146,2026EED0919,PRAKHAR SHUKLA,EE1B,EE1B2,EE B
47.0,MMMUT260003015,2026031147,2026EED0920,PRATEEK YADAV,EE1B,EE1B2,EE B
48.0,MMMUT260000999,2026031148,2026EED0921,PRINCE CHAUHAN,EE1B,EE1B2,EE B
49.0,MMMUT260000695,2026031149,2026EED0922,PRIYA YADAV,EE1B,EE1B2,EE B
50.0,MMMUT260000179,2026031150,2026EED0923,RAJAT JAISWAL,EE1B,EE1B2,EE B
51.0,MMMUT260000738,2026031151,2026EED0924,RIDHIMA TRIPATHI,EE1B,EE1B2,EE B
52.0,MMMUT260002600,2026031152,2026EED0925,RISHU RAJ,EE1B,EE1B2,EE B
53.0,MMMUT260003950,2026031153,2026EED0926,RIYA MISHRA,EE1B,EE1B2,EE B
54.0,MMMUT260000896,2026031154,2026EED0927,SAH SWETAKUMARI BIJAY,EE1B,EE1B2,EE B
55.0,MMMUT260001044,2026031155,2026EED0928,SANTOSH KUMAR,EE1B,EE1B2,EE B
56.0,MMMUT260001304,2026031156,2026EED0929,SATVIK SHUKLA,EE1B,EE1B2,EE B
57.0,MMMUT260002990,2026031157,2026EED0930,SAURAV YADAV,EE1B,EE1B2,EE B
58.0,MMMUT260003975,2026031158,2026EED0931,SHANI,EE1B,EE1B2,EE B
59.0,MMMUT260004931,2026031159,2026EED0932,SHASHANK SINGH,EE1B,EE1B2,EE B
60.0,MMMUT260001073,2026031160,2026EED0933,SHIVANSH SINGH,EE1B,EE1B2,EE B
61.0,MMMUT260001114,2026031161,2026EED0934,SHREYA TIWARI,EE1B,EE1B2,EE B
62.0,MMMUT260004167,2026031162,2026EED0935,SHRISHTI SAHU,EE1B,EE1B2,EE B
63.0,MMMUT260000870,2026031163,2026EED0936,SOMYA TIWARI,EE1B,EE1B2,EE B
64.0,MMMUT260004235,2026031164,2026EED0937,SUMIT KUMAR,EE1B,EE1B2,EE B
65.0,MMMUT260001717,2026031165,2026EED0938,SWAPNIL,EE1B,EE1B2,EE B
66.0,MMMUT260004735,2026031166,2026EED0939,TASHU GAUTAM,EE1B,EE1B2,EE B
67.0,MMMUT260001892,2026031167,2026EED0940,VANDEEP SINGH NIHAL,EE1B,EE1B2,EE B
68.0,MMMUT260001165,2026031168,2026EED0941,VEDANSH PANDEY,EE1B,EE1B2,EE B
69.0,MMMUT260000406,2026031169,2026EED0942,YADAV NIKHIL KUMAR,EE1B,EE1B2,EE B
1.0,MMMUT260001315,2026041001,2026ECD0943,AADITYA SHARMA,ECE1A,ECE1A1,ECE A
2.0,MMMUT260003564,2026041002,2026ECD0944,AARYAN KUMAR RAO,ECE1A,ECE1A1,ECE A
3.0,MMMUT260000207,2026041003,2026ECD0945,ABHAY RAJ GUPTA,ECE1A,ECE1A1,ECE A
4.0,MMMUT260002986,2026041004,2026ECD0946,ABHINAV SAVITA,ECE1A,ECE1A1,ECE A
5.0,MMMUT260001213,2026041005,2026ECD0947,ABHINESH KUMAR,ECE1A,ECE1A1,ECE A
6.0,MMMUT260003468,2026041006,2026ECD0948,ABHYUDAY SINGH,ECE1A,ECE1A1,ECE A
7.0,MMMUT260000614,2026041007,2026ECD0949,ADARSH MISHRA,ECE1A,ECE1A1,ECE A
8.0,MMMUT260004814,2026041008,2026ECD0950,ADITI SINGH,ECE1A,ECE1A1,ECE A
9.0,MMMUT260004393,2026041009,2026ECD0951,ADITYA KESARWANI,ECE1A,ECE1A1,ECE A
10.0,MMMUT260003738,2026041010,2026ECD0952,ADITYA NARAYAN YADAV,ECE1A,ECE1A1,ECE A
11.0,MMMUT260001863,2026041011,2026ECD0953,ADITYA SARASWAT,ECE1A,ECE1A1,ECE A
12.0,MMMUT260000678,2026041012,2026ECD0954,ADITYA SHARMA,ECE1A,ECE1A1,ECE A
13.0,MMMUT260001991,2026041013,2026ECD0955,AJAY KUMAR GUPTA,ECE1A,ECE1A1,ECE A
14.0,MMMUT260004778,2026041014,2026ECD0956,AKASH YADAV,ECE1A,ECE1A1,ECE A
15.0,MMMUT260000862,2026041015,2026ECD0957,AMISH MISHRA,ECE1A,ECE1A1,ECE A
16.0,MMMUT260003475,2026041016,2026ECD0958,ANANYA ARYA,ECE1A,ECE1A1,ECE A
17.0,MMMUT260003871,2026041017,2026ECD0959,ANSH NIGAM,ECE1A,ECE1A1,ECE A
18.0,MMMUT260001897,2026041018,2026ECD0960,ANSH SHARMA,ECE1A,ECE1A1,ECE A
19.0,MMMUT260004189,2026041019,2026ECD0961,ANURAG YADAV,ECE1A,ECE1A1,ECE A
20.0,MMMUT260004145,2026041020,2026ECD0962,ARPIT KUMAR,ECE1A,ECE1A1,ECE A
21.0,MMMUT260003309,2026041021,2026ECD0963,ARYAN PRATAP SINGH,ECE1A,ECE1A1,ECE A
22.0,MMMUT260003854,2026041022,2026ECD0964,ARYAN UPADHYAY,ECE1A,ECE1A1,ECE A
23.0,MMMUT260003149,2026041023,2026ECD0965,ASHISH KUMAR,ECE1A,ECE1A1,ECE A
24.0,MMMUT260001757,2026041024,2026ECD0966,ATHARVA MISHRA,ECE1A,ECE1A1,ECE A
25.0,MMMUT260001137,2026041025,2026ECD0967,ATUL GANGWAR,ECE1A,ECE1A1,ECE A
26.0,MMMUT260003158,2026041026,2026ECD0968,AVIKA KHARWAR,ECE1A,ECE1A1,ECE A
27.0,MMMUT260003510,2026041027,2026ECD0969,CHANDRAMAULI RATHOR,ECE1A,ECE1A1,ECE A
28.0,MMMUT260000094,2026041028,2026ECD0970,DEEPANKER RAO,ECE1A,ECE1A1,ECE A
29.0,MMMUT260002699,2026041029,2026ECD0971,DEEPIKA VISHWAKARMA,ECE1A,ECE1A1,ECE A
30.0,MMMUT260003936,2026041030,2026ECD0972,DHWAJ GAUR,ECE1A,ECE1A1,ECE A
31.0,MMMUT260002943,2026041031,2026ECD0973,ISHAN SHUKLA,ECE1A,ECE1A1,ECE A
32.0,MMMUT260004712,2026041032,2026ECD0974,JANSHI,ECE1A,ECE1A1,ECE A
33.0,MMMUT260001673,2026041033,2026ECD0975,KRATIKA SINGHAL,ECE1A,ECE1A1,ECE A
34.0,MMMUT260002079,2026041034,2026ECD0976,KRISHNA,ECE1A,ECE1A1,ECE A
35.0,MMMUT260001998,2026041035,2026ECD0977,KUNDAN CHAURASIYA,ECE1A,ECE1A1,ECE A
36.0,MMMUT260000237,2026041036,2026ECD0978,MANYA SINGH,ECE1A,ECE1A2,ECE A
37.0,MMMUT260000778,2026041037,2026ECD0979,MOHIT MISHRA,ECE1A,ECE1A2,ECE A
38.0,MMMUT260002172,2026041038,2026ECD0980,NITIN KUMAR,ECE1A,ECE1A2,ECE A
39.0,MMMUT260001487,2026041039,2026ECD0981,PANKAJ YADAV,ECE1A,ECE1A2,ECE A
40.0,MMMUT260003386,2026041040,2026ECD0982,PIYUSH BHARDWAJ,ECE1A,ECE1A2,ECE A
41.0,MMMUT260000655,2026041041,2026ECD0983,PIYUSH KUMAR,ECE1A,ECE1A2,ECE A
42.0,MMMUT260002960,2026041042,2026ECD0984,PRACHI KUMARI,ECE1A,ECE1A2,ECE A
43.0,MMMUT260001026,2026041043,2026ECD0985,PRADYUMNA PANDEY,ECE1A,ECE1A2,ECE A
44.0,MMMUT260002670,2026041044,2026ECD0986,PRAKHAR CHATURVEDI,ECE1A,ECE1A2,ECE A
45.0,MMMUT260001364,2026041045,2026ECD0987,PRAKHAR PAL,ECE1A,ECE1A2,ECE A
46.0,MMMUT260000228,2026041046,2026ECD0988,PRINCE KUMAR,ECE1A,ECE1A2,ECE A
47.0,MMMUT260004249,2026041047,2026ECD0989,RAJNEESH YADAV,ECE1A,ECE1A2,ECE A
48.0,MMMUT260001053,2026041048,2026ECD0990,RIYA VERMA,ECE1A,ECE1A2,ECE A
49.0,MMMUT260002053,2026041049,2026ECD0991,ROHIT SINGH,ECE1A,ECE1A2,ECE A
50.0,MMMUT260004162,2026041050,2026ECD0992,SAGARIKA SINGH,ECE1A,ECE1A2,ECE A
51.0,MMMUT260000621,2026041051,2026ECD0993,SAJAL PAL,ECE1A,ECE1A2,ECE A
52.0,MMMUT260004423,2026041052,2026ECD0994,SAKSHI TRIPATHI,ECE1A,ECE1A2,ECE A
53.0,MMMUT260003331,2026041053,2026ECD0995,SARVESH KUMAR VERMA,ECE1A,ECE1A2,ECE A
54.0,MMMUT260003341,2026041054,2026ECD0996,SHABNOOR,ECE1A,ECE1A2,ECE A
55.0,MMMUT260001929,2026041055,2026ECD0997,SHIVAM KANNOJIYA,ECE1A,ECE1A2,ECE A
56.0,MMMUT260000494,2026041056,2026ECD0998,SHIVANSH TIWARI,ECE1A,ECE1A2,ECE A
57.0,MMMUT260002396,2026041057,2026ECD0999,SHOURYADITYA PRAKASH PANDEY,ECE1A,ECE1A2,ECE A
58.0,MMMUT260002195,2026041058,2026ECD1000,SHREYA TIWARI,ECE1A,ECE1A2,ECE A
59.0,MMMUT260001605,2026041059,2026ECD1001,SURYANSH KAITHWAS,ECE1A,ECE1A2,ECE A
60.0,MMMUT260002050,2026041060,2026ECD1002,SWARA PANDEY,ECE1A,ECE1A2,ECE A
61.0,MMMUT260002756,2026041061,2026ECD1003,SWASTIK TRIPATHI,ECE1A,ECE1A2,ECE A
62.0,MMMUT260000069,2026041062,2026ECD1004,TANISHA CHAUHAN,ECE1A,ECE1A2,ECE A
63.0,MMMUT260002487,2026041063,2026ECD1005,TRISHA SINGH,ECE1A,ECE1A2,ECE A
64.0,MMMUT260001489,2026041064,2026ECD1006,UTKARSH GAUTAM,ECE1A,ECE1A2,ECE A
65.0,MMMUT260000206,2026041065,2026ECD1007,UTKARSH TRIPATHI,ECE1A,ECE1A2,ECE A
66.0,MMMUT260001221,2026041066,2026ECD1008,VINOD KUMAR,ECE1A,ECE1A2,ECE A
67.0,MMMUT260001112,2026041067,2026ECD1009,VISHU YADAV,ECE1A,ECE1A2,ECE A
68.0,MMMUT260000057,2026041068,2026ECD1010,YASH CHAURASIA,ECE1A,ECE1A2,ECE A
69.0,MMMUT260001877,2026041069,2026ECD1011,YUVRAJ SINGH,ECE1A,ECE1A2,ECE A
1.0,MMMUT260004738,2026041101,2026ECD1012,AADVAIT KASHYAP,ECE1B,ECE1B1,ECE B
2.0,MMMUT260001562,2026041102,2026ECD1013,AARYAN SINGH,ECE1B,ECE1B1,ECE B
3.0,MMMUT260000124,2026041103,2026ECD1014,ABHAY GUPTA,ECE1B,ECE1B1,ECE B
4.0,MMMUT260002057,2026041104,2026ECD1015,ABHINAV YADAV,ECE1B,ECE1B1,ECE B
5.0,MMMUT260003858,2026041105,2026ECD1016,ABHINAY KUMAR SINGH,ECE1B,ECE1B1,ECE B
6.0,MMMUT260003376,2026041106,2026ECD1017,ADARSH PANDEY,ECE1B,ECE1B1,ECE B
7.0,MMMUT260002680,2026041107,2026ECD1018,ADITYA CHAUHAN,ECE1B,ECE1B1,ECE B
8.0,MMMUT260004724,2026041108,2026ECD1019,ADITYA YADAV,ECE1B,ECE1B1,ECE B
9.0,MMMUT260000412,2026041109,2026ECD1020,AGRIM SHUKLA,ECE1B,ECE1B1,ECE B
10.0,MMMUT260002718,2026041110,2026ECD1021,ALOK KUMAR,ECE1B,ECE1B1,ECE B
11.0,MMMUT260004889,2026041111,2026ECD1022,ALOK KUMAR PRIYADARSHI,ECE1B,ECE1B1,ECE B
12.0,MMMUT260001737,2026041112,2026ECD1023,AMAN GUPTA,ECE1B,ECE1B1,ECE B
13.0,MMMUT260001042,2026041113,2026ECD1024,AMRIT KUMAR GOND,ECE1B,ECE1B1,ECE B
14.0,MMMUT260000204,2026041114,2026ECD1025,AMRITA,ECE1B,ECE1B1,ECE B
15.0,MMMUT260000185,2026041115,2026ECD1026,ANKIT YADAV,ECE1B,ECE1B1,ECE B
16.0,MMMUT260002505,2026041116,2026ECD1027,ANVAY PRATAP SINGH,ECE1B,ECE1B1,ECE B
17.0,MMMUT260001123,2026041117,2026ECD1028,ARYAN ARORA,ECE1B,ECE1B1,ECE B
18.0,MMMUT260001069,2026041118,2026ECD1029,ARYAN DAS,ECE1B,ECE1B1,ECE B
19.0,MMMUT260004555,2026041119,2026ECD1030,ASHUTOSH SINGH,ECE1B,ECE1B1,ECE B
20.0,MMMUT260002200,2026041120,2026ECD1031,AYUSH SINGH,ECE1B,ECE1B1,ECE B
21.0,MMMUT260001941,2026041121,2026ECD1032,BHARAT PATEL,ECE1B,ECE1B1,ECE B
22.0,MMMUT260000563,2026041122,2026ECD1033,BRIJENDRA PRATAP,ECE1B,ECE1B1,ECE B
23.0,MMMUT260002641,2026041123,2026ECD1034,CHANDRA SURAJ,ECE1B,ECE1B1,ECE B
24.0,MMMUT260003876,2026041124,2026ECD1035,CHARCHIT DIXIT,ECE1B,ECE1B1,ECE B
25.0,MMMUT260003407,2026041125,2026ECD1036,DHRUV KAUSHIK,ECE1B,ECE1B1,ECE B
26.0,MMMUT260002608,2026041126,2026ECD1037,DIVYANSHU YADAV,ECE1B,ECE1B1,ECE B
27.0,MMMUT260000393,2026041127,2026ECD1038,GAUTAM KANISHK,ECE1B,ECE1B1,ECE B
28.0,MMMUT260002333,2026041128,2026ECD1039,GULSHAD ANSARI,ECE1B,ECE1B1,ECE B
29.0,MMMUT260002510,2026041129,2026ECD1040,KANISHKA GUPTA,ECE1B,ECE1B1,ECE B
30.0,MMMUT260002031,2026041130,2026ECD1041,KARTIK RANA,ECE1B,ECE1B1,ECE B
31.0,MMMUT260004185,2026041131,2026ECD1042,MAYANK SINGH,ECE1B,ECE1B1,ECE B
32.0,MMMUT260002895,2026041132,2026ECD1043,NATASHA GUPTA,ECE1B,ECE1B1,ECE B
33.0,MMMUT260000466,2026041133,2026ECD1044,NITIN KUMAR,ECE1B,ECE1B1,ECE B
34.0,MMMUT260002424,2026041134,2026ECD1045,PALLAVI VERMA,ECE1B,ECE1B1,ECE B
35.0,MMMUT260001721,2026041135,2026ECD1046,PAWAN KUMAR,ECE1B,ECE1B1,ECE B
36.0,MMMUT260000645,2026041136,2026ECD1047,PIYUSH KUMAR SINGH,ECE1B,ECE1B2,ECE B
37.0,MMMUT260000639,2026041137,2026ECD1048,PIYUSH MALVIYA,ECE1B,ECE1B2,ECE B
38.0,MMMUT260001881,2026041138,2026ECD1049,PRANJAL UPADHYAY,ECE1B,ECE1B2,ECE B
39.0,MMMUT260002225,2026041139,2026ECD1050,PRATIKSHA TRIPATHI,ECE1B,ECE1B2,ECE B
40.0,MMMUT260004379,2026041140,2026ECD1051,PRIYANSHU RAJ,ECE1B,ECE1B2,ECE B
41.0,MMMUT260003804,2026041141,2026ECD1052,RENU,ECE1B,ECE1B2,ECE B
42.0,MMMUT260002884,2026041142,2026ECD1053,RISHABH KUMAR,ECE1B,ECE1B2,ECE B
43.0,MMMUT260002972,2026041143,2026ECD1054,ROHAN KUMAR,ECE1B,ECE1B2,ECE B
44.0,MMMUT260004296,2026041144,2026ECD1055,SAANVI SINGH,ECE1B,ECE1B2,ECE B
45.0,MMMUT260002847,2026041145,2026ECD1056,SACHIN SAINI,ECE1B,ECE1B2,ECE B
46.0,MMMUT260002909,2026041146,2026ECD1057,SANKALP GUPTA,ECE1B,ECE1B2,ECE B
47.0,MMMUT260000239,2026041147,2026ECD1058,SANSKRITI SRIVASTAVA,ECE1B,ECE1B2,ECE B
48.0,MMMUT260000113,2026041148,2026ECD1059,SAURAV KUMAR,ECE1B,ECE1B2,ECE B
49.0,MMMUT260000041,2026041149,2026ECD1060,SHASHWAT SACHAN,ECE1B,ECE1B2,ECE B
50.0,MMMUT260004843,2026041150,2026ECD1061,SHIV SHANKAR JAISWAL,ECE1B,ECE1B2,ECE B
51.0,MMMUT260004101,2026041151,2026ECD1062,SHIVAM TRIPATHI,ECE1B,ECE1B2,ECE B
52.0,MMMUT260001688,2026041152,2026ECD1063,SHIVANSH GUPTA,ECE1B,ECE1B2,ECE B
53.0,MMMUT260003709,2026041153,2026ECD1064,SHIVANSHU TIWARI,ECE1B,ECE1B2,ECE B
54.0,MMMUT260003433,2026041154,2026ECD1065,SHIVENDRA PRATAP SINGH,ECE1B,ECE1B2,ECE B
55.0,MMMUT260002252,2026041155,2026ECD1066,SHIVENDRA VIKRAM SINGH,ECE1B,ECE1B2,ECE B
56.0,MMMUT260000395,2026041156,2026ECD1067,SHOURYA GUPTA,ECE1B,ECE1B2,ECE B
57.0,MMMUT260001464,2026041157,2026ECD1068,SHUBHAM AGRAHARI,ECE1B,ECE1B2,ECE B
58.0,MMMUT260001398,2026041158,2026ECD1069,SHUBHANGINI SINGH,ECE1B,ECE1B2,ECE B
59.0,MMMUT260003874,2026041159,2026ECD1070,SIDDHANT SHIVAM,ECE1B,ECE1B2,ECE B
60.0,MMMUT260002445,2026041160,2026ECD1071,SIDDHI AGRAWAL,ECE1B,ECE1B2,ECE B
61.0,MMMUT260000784,2026041161,2026ECD1072,SUNNY KANNAUJIYA,ECE1B,ECE1B2,ECE B
62.0,MMMUT260002796,2026041162,2026ECD1073,TANUJ RANA,ECE1B,ECE1B2,ECE B
63.0,MMMUT260000352,2026041163,2026ECD1074,TUSHAR RAJ,ECE1B,ECE1B2,ECE B
64.0,MMMUT260001009,2026041164,2026ECD1075,UTKARSH KUMAR,ECE1B,ECE1B2,ECE B
65.0,MMMUT260001214,2026041165,2026ECD1076,UTKARSH TIWARI,ECE1B,ECE1B2,ECE B
66.0,MMMUT260001056,2026041166,2026ECD1077,UTTARA SINGH,ECE1B,ECE1B2,ECE B
67.0,MMMUT260003682,2026041167,2026ECD1078,VISHWAS KASERA,ECE1B,ECE1B2,ECE B
68.0,MMMUT260000401,2026041168,2026ECD1079,YATHARTH SINGH DIVYA,ECE1B,ECE1B2,ECE B
69.0,MMMUT260004347,2026041169,2026ECD1080,YUVRAJ SINGH,ECE1B,ECE1B2,ECE B
1.0,MMMUT260003467,2026041201,2026ECD1081,AADITYA KUMAR YADAV,ECE1C,ECE1C1,ECE C
2.0,MMMUT260002346,2026041202,2026ECD1082,AARIN SHARMA,ECE1C,ECE1C1,ECE C
3.0,MMMUT260000063,2026041203,2026ECD1083,ADARSH KANNOJIYA,ECE1C,ECE1C1,ECE C
4.0,MMMUT260001630,2026041204,2026ECD1084,ADITI MISHRA,ECE1C,ECE1C1,ECE C
5.0,MMMUT260003932,2026041205,2026ECD1085,ADITYA SINGH,ECE1C,ECE1C1,ECE C
6.0,MMMUT260003959,2026041206,2026ECD1086,AFTAB SIDDIQUI,ECE1C,ECE1C1,ECE C
7.0,MMMUT260004325,2026041207,2026ECD1087,AMAN KUMAR GUPTA,ECE1C,ECE1C1,ECE C
8.0,MMMUT260001361,2026041208,2026ECD1088,AMAN YADAV,ECE1C,ECE1C1,ECE C
9.0,MMMUT260000523,2026041209,2026ECD1089,AMIT KISHORE,ECE1C,ECE1C1,ECE C
10.0,MMMUT260001100,2026041210,2026ECD1090,AMIT KUMAR,ECE1C,ECE1C1,ECE C
11.0,MMMUT260004114,2026041211,2026ECD1091,ANIKET KUMAR,ECE1C,ECE1C1,ECE C
12.0,MMMUT260003078,2026041212,2026ECD1092,ANJALI KUMARI,ECE1C,ECE1C1,ECE C
13.0,MMMUT260003490,2026041213,2026ECD1093,ANSHUMAN SINGH,ECE1C,ECE1C1,ECE C
14.0,MMMUT260004183,2026041214,2026ECD1094,ANUJ KULSHRESTHA,ECE1C,ECE1C1,ECE C
15.0,MMMUT260000485,2026041215,2026ECD1095,ANUJ MISHRA,ECE1C,ECE1C1,ECE C
16.0,MMMUT260001052,2026041216,2026ECD1096,ANUPRIYA SINGH,ECE1C,ECE1C1,ECE C
17.0,MMMUT260002679,2026041217,2026ECD1097,ANURAG YADAV,ECE1C,ECE1C1,ECE C
18.0,MMMUT260001062,2026041218,2026ECD1098,ANUSHKA SINGH,ECE1C,ECE1C1,ECE C
19.0,MMMUT260000192,2026041219,2026ECD1099,ARPIT SINGH,ECE1C,ECE1C1,ECE C
20.0,MMMUT260003826,2026041220,2026ECD1100,ARPIT SINGH,ECE1C,ECE1C1,ECE C
21.0,MMMUT260002914,2026041221,2026ECD1101,ASHUTOSH PRAKASH,ECE1C,ECE1C1,ECE C
22.0,MMMUT260000411,2026041222,2026ECD1102,AYUSH KUMAR,ECE1C,ECE1C1,ECE C
23.0,MMMUT260003684,2026041223,2026ECD1103,AYUSH YADAV,ECE1C,ECE1C1,ECE C
24.0,MMMUT260001258,2026041224,2026ECD1104,DEVANSH JAIN,ECE1C,ECE1C1,ECE C
25.0,MMMUT260000652,2026041225,2026ECD1105,DEVASHISH MISHRA,ECE1C,ECE1C1,ECE C
26.0,MMMUT260000480,2026041226,2026ECD1106,HARSH KUMAR NANDI,ECE1C,ECE1C1,ECE C
27.0,MMMUT260001306,2026041227,2026ECD1107,HARSH TIWARI,ECE1C,ECE1C1,ECE C
28.0,MMMUT260003100,2026041228,2026ECD1108,HARSHIT VISHWAKARMA,ECE1C,ECE1C1,ECE C
29.0,MMMUT260001704,2026041229,2026ECD1109,HIMANSU YADAV,ECE1C,ECE1C1,ECE C
30.0,MMMUT260002974,2026041230,2026ECD1110,INDRAJEET PRAJAPATI,ECE1C,ECE1C1,ECE C
31.0,MMMUT260002535,2026041231,2026ECD1111,ISHAAN GUPTA,ECE1C,ECE1C1,ECE C
32.0,MMMUT260002257,2026041232,2026ECD1112,JAYAN PODDAR,ECE1C,ECE1C1,ECE C
33.0,MMMUT260002524,2026041233,2026ECD1113,KAPIL DEV,ECE1C,ECE1C1,ECE C
34.0,MMMUT260003696,2026041234,2026ECD1114,KUSHAGRA MOHAN GANGWAR,ECE1C,ECE1C1,ECE C
35.0,MMMUT260003527,2026041235,2026ECD1115,MADHUR SHUKLA,ECE1C,ECE1C1,ECE C
36.0,MMMUT260003023,2026041236,2026ECD1116,MEGHA GUPTA,ECE1C,ECE1C2,ECE C
37.0,MMMUT260001712,2026041237,2026ECD1117,MUKTI NARAYAN PRAJAPATI,ECE1C,ECE1C2,ECE C
38.0,MMMUT260003046,2026041238,2026ECD1118,NAMAN SOM,ECE1C,ECE1C2,ECE C
39.0,MMMUT260002893,2026041239,2026ECD1119,NILANSH TIWARI,ECE1C,ECE1C2,ECE C
40.0,MMMUT260000159,2026041240,2026ECD1120,NIRBHAY KUMAR VERMA,ECE1C,ECE1C2,ECE C
41.0,MMMUT260001872,2026041241,2026ECD1121,NISHA,ECE1C,ECE1C2,ECE C
42.0,MMMUT260000498,2026041242,2026ECD1122,NITIN KUMAR SINGH,ECE1C,ECE1C2,ECE C
43.0,MMMUT260004107,2026041243,2026ECD1123,OM SRIVASTAV,ECE1C,ECE1C2,ECE C
44.0,MMMUT260000301,2026041244,2026ECD1124,PIYUSH SAHU,ECE1C,ECE1C2,ECE C
45.0,MMMUT260000725,2026041245,2026ECD1125,PRAKHAR SHUKLA,ECE1C,ECE1C2,ECE C
46.0,MMMUT260001850,2026041246,2026ECD1126,PRANJAL RASTOGI,ECE1C,ECE1C2,ECE C
47.0,MMMUT260000472,2026041247,2026ECD1127,PRANJALI,ECE1C,ECE1C2,ECE C
48.0,MMMUT260003846,2026041248,2026ECD1128,PRATYUSH KARTIK,ECE1C,ECE1C2,ECE C
49.0,MMMUT260001401,2026041249,2026ECD1129,PREETANSH TRIPATHI,ECE1C,ECE1C2,ECE C
50.0,MMMUT260001770,2026041250,2026ECD1130,PRINCE KUMAR PATEL,ECE1C,ECE1C2,ECE C
51.0,MMMUT260000612,2026041251,2026ECD1131,PRIYANSHU JAISWAR,ECE1C,ECE1C2,ECE C
52.0,MMMUT260002773,2026041252,2026ECD1132,PRIYANSHU VERMA,ECE1C,ECE1C2,ECE C
53.0,MMMUT260000282,2026041253,2026ECD1133,RAVI KUMAR,ECE1C,ECE1C2,ECE C
54.0,MMMUT260003597,2026041254,2026ECD1134,RICHA CHOUDHARY,ECE1C,ECE1C2,ECE C
55.0,MMMUT260000127,2026041255,2026ECD1135,SACHCHIDANAND GAUTAM,ECE1C,ECE1C2,ECE C
56.0,MMMUT260004372,2026041256,2026ECD1136,SATYAM GAUD,ECE1C,ECE1C2,ECE C
57.0,MMMUT260000514,2026041257,2026ECD1137,SHIVKARAN,ECE1C,ECE1C2,ECE C
58.0,MMMUT260004266,2026041258,2026ECD1138,SHREYA YADAV,ECE1C,ECE1C2,ECE C
59.0,MMMUT260003031,2026041259,2026ECD1139,SHRISTI MAURYA,ECE1C,ECE1C2,ECE C
60.0,MMMUT260004240,2026041260,2026ECD1140,SHRIYANSHI SINGH,ECE1C,ECE1C2,ECE C
61.0,MMMUT260002187,2026041261,2026ECD1141,SHRIYANSHI SRIVASTAVA,ECE1C,ECE1C2,ECE C
62.0,MMMUT260000133,2026041262,2026ECD1142,SHUBHAM SINGH KUSHWAHA,ECE1C,ECE1C2,ECE C
63.0,MMMUT260002061,2026041263,2026ECD1143,SNEHA PASWAN,ECE1C,ECE1C2,ECE C
64.0,MMMUT260002046,2026041264,2026ECD1144,SNEHA SINGH,ECE1C,ECE1C2,ECE C
65.0,MMMUT260002052,2026041265,2026ECD1145,SUDHIR GUPTA,ECE1C,ECE1C2,ECE C
66.0,MMMUT260004146,2026041266,2026ECD1146,TARUN KUMAR BHARATI,ECE1C,ECE1C2,ECE C
67.0,MMMUT260004328,2026041267,2026ECD1147,VAISHNO KUMARI,ECE1C,ECE1C2,ECE C
68.0,MMMUT260001910,2026041268,2026ECD1148,VIKRANT,ECE1C,ECE1C2,ECE C
69.0,MMMUT260002919,2026041269,2026ECD1149,YASHIKA SINGH,ECE1C,ECE1C2,ECE C
1.0,MMMUT260001651,2026041301,2026IOT1150,AADITYA,IOT1A,IOT1A1,IOT A
2.0,MMMUT260002719,2026041302,2026IOT1151,AANJANEY SINGH,IOT1A,IOT1A1,IOT A
3.0,MMMUT260003772,2026041303,2026IOT1152,AASTHA GUPTA,IOT1A,IOT1A1,IOT A
4.0,MMMUT260000419,2026041304,2026IOT1153,ABHAY SRIVASTAVA,IOT1A,IOT1A1,IOT A
5.0,MMMUT260000758,2026041305,2026IOT1154,ABHINAV MATHUR,IOT1A,IOT1A1,IOT A
6.0,MMMUT260000745,2026041306,2026IOT1155,ABHISHEK SHUKLA,IOT1A,IOT1A1,IOT A
7.0,MMMUT260003461,2026041307,2026IOT1156,AJAY SHARMA,IOT1A,IOT1A1,IOT A
8.0,MMMUT260000650,2026041308,2026IOT1157,AJAY TIWARI,IOT1A,IOT1A1,IOT A
9.0,MMMUT260003143,2026041309,2026IOT1158,AKANKSHA GAUTAM,IOT1A,IOT1A1,IOT A
10.0,MMMUT260000798,2026041310,2026IOT1159,AMIT KUMAR YADAV,IOT1A,IOT1A1,IOT A
11.0,MMMUT260000303,2026041311,2026IOT1160,ANAMIKA JAISWAL,IOT1A,IOT1A1,IOT A
12.0,MMMUT260000717,2026041312,2026IOT1161,ANOOP SINGH,IOT1A,IOT1A1,IOT A
13.0,MMMUT260001357,2026041313,2026IOT1162,ANSHIKA SRIVASTAVA,IOT1A,IOT1A1,IOT A
14.0,MMMUT260000135,2026041314,2026IOT1163,ARSH RAJ,IOT1A,IOT1A1,IOT A
15.0,MMMUT260002578,2026041315,2026IOT1164,ARUSH DUBEY,IOT1A,IOT1A1,IOT A
16.0,MMMUT260000189,2026041316,2026IOT1165,ARYA SRIVASTAV,IOT1A,IOT1A1,IOT A
17.0,MMMUT260003026,2026041317,2026IOT1166,ARYAN CHAKRAWARTI,IOT1A,IOT1A1,IOT A
18.0,MMMUT260004401,2026041318,2026IOT1167,ARYAN SINGH,IOT1A,IOT1A1,IOT A
19.0,MMMUT260002060,2026041319,2026IOT1168,ASMIT CHATURVEDI,IOT1A,IOT1A1,IOT A
20.0,MMMUT260002511,2026041320,2026IOT1169,AVNEESH KUMAR,IOT1A,IOT1A1,IOT A
21.0,MMMUT260001033,2026041321,2026IOT1170,AYUSH CHAUHAN,IOT1A,IOT1A1,IOT A
22.0,MMMUT260000979,2026041322,2026IOT1171,AYUSH SINGH,IOT1A,IOT1A1,IOT A
23.0,MMMUT260001382,2026041323,2026IOT1172,AYUSH SINGH,IOT1A,IOT1A1,IOT A
24.0,MMMUT260004089,2026041324,2026IOT1173,AYUSH VAISHYA,IOT1A,IOT1A1,IOT A
25.0,MMMUT260000464,2026041325,2026IOT1174,DIVYANSH SWAROOP,IOT1A,IOT1A1,IOT A
26.0,MMMUT260001523,2026041326,2026IOT1175,DIVYANSH YADAV,IOT1A,IOT1A1,IOT A
27.0,MMMUT260000974,2026041327,2026IOT1176,GAURAV KUSHVAHA,IOT1A,IOT1A1,IOT A
28.0,MMMUT260000197,2026041328,2026IOT1177,GAURI GUPTA,IOT1A,IOT1A1,IOT A
29.0,MMMUT260001025,2026041329,2026IOT1178,HARSH GUPTA,IOT1A,IOT1A1,IOT A
30.0,MMMUT260003556,2026041330,2026IOT1179,HIMANSHU AGRAWAL,IOT1A,IOT1A1,IOT A
31.0,MMMUT260004316,2026041331,2026IOT1180,HIMANSHU MISHRA,IOT1A,IOT1A1,IOT A
32.0,MMMUT260002295,2026041332,2026IOT1181,KU PALAK,IOT1A,IOT1A1,IOT A
33.0,MMMUT260001266,2026041333,2026IOT1182,MAYANK KUMAR GUPTA,IOT1A,IOT1A1,IOT A
34.0,MMMUT260000162,2026041334,2026IOT1183,MRIGANK SHEKHAR AWASTHI,IOT1A,IOT1A1,IOT A
35.0,MMMUT260003061,2026041335,2026IOT1184,NAINCY JHA,IOT1A,IOT1A1,IOT A
36.0,MMMUT260002544,2026041336,2026IOT1185,NIKHIL SINGH SENGER,IOT1A,IOT1A2,IOT A
37.0,MMMUT260002809,2026041337,2026IOT1186,PAYAL SINGH,IOT1A,IOT1A2,IOT A
38.0,MMMUT260003110,2026041338,2026IOT1187,PIYUSH KUMAR,IOT1A,IOT1A2,IOT A
39.0,MMMUT260001601,2026041339,2026IOT1188,PIYUSH KUMAR,IOT1A,IOT1A2,IOT A
40.0,MMMUT260001576,2026041340,2026IOT1189,PRADYUMAN SINGH GAUTAM,IOT1A,IOT1A2,IOT A
41.0,MMMUT260000212,2026041341,2026IOT1190,PRANAV CHAURASIA,IOT1A,IOT1A2,IOT A
42.0,MMMUT260003867,2026041342,2026IOT1191,PRANAV KUMAR,IOT1A,IOT1A2,IOT A
43.0,MMMUT260002747,2026041343,2026IOT1192,PRANSHU RATHAUR,IOT1A,IOT1A2,IOT A
44.0,MMMUT260004998,2026041344,2026IOT1193,PREET SURI,IOT1A,IOT1A2,IOT A
45.0,MMMUT260004096,2026041345,2026IOT1194,RAHUL KUMAR,IOT1A,IOT1A2,IOT A
46.0,MMMUT260003278,2026041346,2026IOT1195,RAHUL KUMAR GOND,IOT1A,IOT1A2,IOT A
47.0,MMMUT260003047,2026041347,2026IOT1196,RAJAT PRATAP,IOT1A,IOT1A2,IOT A
48.0,MMMUT260004037,2026041348,2026IOT1197,RAUNAK VERMA,IOT1A,IOT1A2,IOT A
49.0,MMMUT260004468,2026041349,2026IOT1198,RISHABH RAJ,IOT1A,IOT1A2,IOT A
50.0,MMMUT260000284,2026041350,2026IOT1199,SAMEEKSHA,IOT1A,IOT1A2,IOT A
51.0,MMMUT260004143,2026041351,2026IOT1200,SANGAM YADAV,IOT1A,IOT1A2,IOT A
52.0,MMMUT260000169,2026041352,2026IOT1201,SARVAGYA TIWARI,IOT1A,IOT1A2,IOT A
53.0,MMMUT260003569,2026041353,2026IOT1202,SATYAM MAURYA,IOT1A,IOT1A2,IOT A
54.0,MMMUT260000611,2026041354,2026IOT1203,SAURABH MISHRA,IOT1A,IOT1A2,IOT A
55.0,MMMUT260003585,2026041355,2026IOT1204,SHAGUN UPADHYAY,IOT1A,IOT1A2,IOT A
56.0,MMMUT260002872,2026041356,2026IOT1205,SHASHI PRAKASH KUSHWAHA,IOT1A,IOT1A2,IOT A
57.0,MMMUT260000675,2026041357,2026IOT1206,SHIVIKA KEVRE,IOT1A,IOT1A2,IOT A
58.0,MMMUT260001655,2026041358,2026IOT1207,SHOURYA SRIVASTAVA,IOT1A,IOT1A2,IOT A
59.0,MMMUT260000045,2026041359,2026IOT1208,SHREYANSH BHARTI,IOT1A,IOT1A2,IOT A
60.0,MMMUT260002648,2026041360,2026IOT1209,SRISHTI MAURYA,IOT1A,IOT1A2,IOT A
61.0,MMMUT260004055,2026041361,2026IOT1210,SUDHANSHU TRIPATHI,IOT1A,IOT1A2,IOT A
62.0,MMMUT260000131,2026041362,2026IOT1211,TUSHAR ANAND,IOT1A,IOT1A2,IOT A
63.0,MMMUT260002007,2026041363,2026IOT1212,TUSHIT MISHRA,IOT1A,IOT1A2,IOT A
64.0,MMMUT260000888,2026041364,2026IOT1213,UMANG KASHYAP,IOT1A,IOT1A2,IOT A
65.0,MMMUT260002375,2026041365,2026IOT1214,UTKARSH VERMA,IOT1A,IOT1A2,IOT A
66.0,MMMUT260001343,2026041366,2026IOT1215,VAIBHAVI SHUKLA,IOT1A,IOT1A2,IOT A
67.0,MMMUT260001907,2026041367,2026IOT1216,VIVEK KUMAR,IOT1A,IOT1A2,IOT A
68.0,MMMUT260002830,2026041368,2026IOT1217,YASH RAI,IOT1A,IOT1A2,IOT A
69.0,MMMUT260003033,2026041369,2026IOT1218,YATENDRA KUMAR,IOT1A,IOT1A2,IOT A
1.0,MMMUT260000080,2026051001,2026MED1219,ABHAY SHARMA,ME1A,ME1A1,ME A
2.0,MMMUT260003955,2026051002,2026MED1220,ABHINAV,ME1A,ME1A1,ME A
3.0,MMMUT260003118,2026051003,2026MED1221,ABHINAV PANDEY,ME1A,ME1A1,ME A
4.0,MMMUT260002873,2026051004,2026MED1222,ABHISHEK KUMAR,ME1A,ME1A1,ME A
5.0,MMMUT260000348,2026051005,2026MED1223,ADARSH VERMA,ME1A,ME1A1,ME A
6.0,MMMUT260002005,2026051006,2026MED1224,AISHWARYA SINGH,ME1A,ME1A1,ME A
7.0,MMMUT260000632,2026051007,2026MED1225,AJITESH BAKSHI,ME1A,ME1A1,ME A
8.0,MMMUT260006794,2026051008,2026MED1226,AKSHAT GOYAL,ME1A,ME1A1,ME A
9.0,MMMUT260000150,2026051009,2026MED1227,ARCHIT ANIL,ME1A,ME1A1,ME A
10.0,MMMUT260004573,2026051010,2026MED1228,ARYAN SINGH,ME1A,ME1A1,ME A
11.0,MMMUT260004294,2026051011,2026MED1229,ASHUTOSH KUMAR GOND,ME1A,ME1A1,ME A
12.0,MMMUT260001415,2026051012,2026MED1230,ASHUTOSH PAL,ME1A,ME1A1,ME A
13.0,MMMUT260003175,2026051013,2026MED1231,AYUSH,ME1A,ME1A1,ME A
14.0,MMMUT260001414,2026051014,2026MED1232,AYUSH KUMAR PANDEY,ME1A,ME1A1,ME A
15.0,MMMUT260004399,2026051015,2026MED1233,AYUSHMAN SINGH,ME1A,ME1A1,ME A
16.0,MMMUT260000056,2026051016,2026MED1234,CHAITANYA GUPTA,ME1A,ME1A1,ME A
17.0,MMMUT260001269,2026051017,2026MED1235,CHANDAN YADAV,ME1A,ME1A1,ME A
18.0,MMMUT260001591,2026051018,2026MED1236,DEVANSH YADAV,ME1A,ME1A1,ME A
19.0,MMMUT260002574,2026051019,2026MED1237,DIVYANSH JAISWAL,ME1A,ME1A1,ME A
20.0,MMMUT260002967,2026051020,2026MED1238,DIVYANSHU SINGH,ME1A,ME1A1,ME A
21.0,MMMUT260003903,2026051021,2026MED1239,DVIJ GUPTA,ME1A,ME1A1,ME A
22.0,MMMUT260002245,2026051022,2026MED1240,GAURAV MISHRA,ME1A,ME1A1,ME A
23.0,MMMUT260001097,2026051023,2026MED1241,HARSHIT GUPTA,ME1A,ME1A1,ME A
24.0,MMMUT260002786,2026051024,2026MED1242,HONEY KASHYAP,ME1A,ME1A1,ME A
25.0,MMMUT260003261,2026051025,2026MED1243,KANISHK PATEL,ME1A,ME1A1,ME A
26.0,MMMUT260003298,2026051026,2026MED1244,KAPIL SINGH SENGAR,ME1A,ME1A1,ME A
27.0,MMMUT260001429,2026051027,2026MED1245,KRISHNA SINGH,ME1A,ME1A1,ME A
28.0,MMMUT260002097,2026051028,2026MED1246,KRISHNA VISHWAKARMA,ME1A,ME1A1,ME A
29.0,MMMUT260002353,2026051029,2026MED1247,KUNWAR ATHARVA SRIVASTAVA,ME1A,ME1A1,ME A
30.0,MMMUT260000696,2026051030,2026MED1248,LAVKUSH,ME1A,ME1A1,ME A
31.0,MMMUT260000121,2026051031,2026MED1249,LAXMI SHUKLA,ME1A,ME1A1,ME A
32.0,MMMUT260001835,2026051032,2026MED1250,MADHUR KUMAR,ME1A,ME1A1,ME A
33.0,MMMUT260006804,2026051033,2026MED1251,MANISH GUPTA,ME1A,ME1A1,ME A
34.0,MMMUT260000526,2026051034,2026MED1252,NAVNEET NISHAD,ME1A,ME1A1,ME A
35.0,MMMUT260004714,2026051035,2026MED1253,NIKHIL GURJAR,ME1A,ME1A1,ME A
36.0,MMMUT260001164,2026051036,2026MED1254,NIKHIL SIROHI,ME1A,ME1A2,ME A
37.0,MMMUT260001542,2026051037,2026MED1255,OMVIR,ME1A,ME1A2,ME A
38.0,MMMUT260002094,2026051038,2026MED1256,PRABAL SINGH,ME1A,ME1A2,ME A
39.0,MMMUT260000928,2026051039,2026MED1257,PRATHAM SINGH,ME1A,ME1A2,ME A
40.0,MMMUT260002973,2026051040,2026MED1258,PRINCE NISHAD,ME1A,ME1A2,ME A
41.0,MMMUT260002843,2026051041,2026MED1259,PRITAM KUMAR,ME1A,ME1A2,ME A
42.0,MMMUT260000014,2026051042,2026MED1260,PRIYANSHU PRAJAPATI,ME1A,ME1A2,ME A
43.0,MMMUT260002027,2026051043,2026MED1261,RAJ KUMAR GUPTA,ME1A,ME1A2,ME A
44.0,MMMUT260000139,2026051044,2026MED1262,RAJ MISHRA,ME1A,ME1A2,ME A
45.0,MMMUT260003641,2026051045,2026MED1263,ROHIT BALIYAN,ME1A,ME1A2,ME A
46.0,MMMUT260000026,2026051046,2026MED1264,RUDRA RAI,ME1A,ME1A2,ME A
47.0,MMMUT260004571,2026051047,2026MED1265,SAHIL JAISWAL,ME1A,ME1A2,ME A
48.0,MMMUT260000205,2026051048,2026MED1266,SAKET SRIVASTAV,ME1A,ME1A2,ME A
49.0,MMMUT260001608,2026051049,2026MED1267,SAKSHI PANDEY,ME1A,ME1A2,ME A
50.0,MMMUT260005029,2026051050,2026MED1268,SANJEEV KUMAR,ME1A,ME1A2,ME A
51.0,MMMUT260001481,2026051051,2026MED1269,SARANSH PATEL,ME1A,ME1A2,ME A
52.0,MMMUT260000602,2026051052,2026MED1270,SATYAM KASHYAP,ME1A,ME1A2,ME A
53.0,MMMUT260003615,2026051053,2026MED1271,SATYAM KUMAR,ME1A,ME1A2,ME A
54.0,MMMUT260004670,2026051054,2026MED1272,SATYAM MISHRA,ME1A,ME1A2,ME A
55.0,MMMUT260002010,2026051055,2026MED1273,SHAURYA BHATT,ME1A,ME1A2,ME A
56.0,MMMUT260000700,2026051056,2026MED1274,SHIVANSH MISHRA,ME1A,ME1A2,ME A
57.0,MMMUT260000554,2026051057,2026MED1275,SHIVOY MISHRA,ME1A,ME1A2,ME A
58.0,MMMUT260002861,2026051058,2026MED1276,SHREYA RAJ GAUTAM,ME1A,ME1A2,ME A
59.0,MMMUT260002976,2026051059,2026MED1277,SHREYASH MISHRA,ME1A,ME1A2,ME A
60.0,MMMUT260002347,2026051060,2026MED1278,SOHAN LAL KANOJIYA,ME1A,ME1A2,ME A
61.0,MMMUT260003083,2026051061,2026MED1279,SURYANSH KASAUDHAN,ME1A,ME1A2,ME A
62.0,MMMUT260004407,2026051062,2026MED1280,SWASTIK JAIN,ME1A,ME1A2,ME A
63.0,MMMUT260004682,2026051063,2026MED1281,TRISHA RANJAN,ME1A,ME1A2,ME A
64.0,MMMUT260001149,2026051064,2026MED1282,UDBHAV TIWARI,ME1A,ME1A2,ME A
65.0,MMMUT260001337,2026051065,2026MED1283,VAIBHAV,ME1A,ME1A2,ME A
66.0,MMMUT260001048,2026051066,2026MED1284,VISHESH RAI,ME1A,ME1A2,ME A
67.0,MMMUT260002313,2026051067,2026MED1285,VIVEK MAURY,ME1A,ME1A2,ME A
68.0,MMMUT260002076,2026051068,2026MED1286,VIVEK SAHANI,ME1A,ME1A2,ME A
69.0,MMMUT260002650,2026051069,2026MED1287,VIVEK YADAV,ME1A,ME1A2,ME A
1.0,MMMUT260001458,2026051101,2026MED1288,AAYUSH MISHRA,ME1B,ME1B1,ME B
2.0,MMMUT260000915,2026051102,2026MED1289,ABHAY GUPTA,ME1B,ME1B1,ME B
3.0,MMMUT260001962,2026051103,2026MED1290,ADITYA GUPTA,ME1B,ME1B1,ME B
4.0,MMMUT260000976,2026051104,2026MED1291,ADITYA GUPTA,ME1B,ME1B1,ME B
5.0,MMMUT260001133,2026051105,2026MED1292,ADITYA KUMAR,ME1B,ME1B1,ME B
6.0,MMMUT260003104,2026051106,2026MED1293,ADITYA KUMAR SINGH,ME1B,ME1B1,ME B
7.0,MMMUT260002525,2026051107,2026MED1294,ADITYA SINGH,ME1B,ME1B1,ME B
8.0,MMMUT260003204,2026051108,2026MED1295,ADITYA SINGH,ME1B,ME1B1,ME B
9.0,MMMUT260003578,2026051109,2026MED1296,AKSHAT,ME1B,ME1B1,ME B
10.0,MMMUT260002917,2026051110,2026MED1297,ALOK KUMAR,ME1B,ME1B1,ME B
11.0,MMMUT260001546,2026051111,2026MED1298,AMAN VERMA,ME1B,ME1B1,ME B
12.0,MMMUT260002550,2026051112,2026MED1299,ANEET GUPTA,ME1B,ME1B1,ME B
13.0,MMMUT260000824,2026051113,2026MED1300,ARUN KUMAR PASWAN,ME1B,ME1B1,ME B
14.0,MMMUT260001224,2026051114,2026MED1301,ASHUTOSH MISHRA,ME1B,ME1B1,ME B
15.0,MMMUT260000687,2026051115,2026MED1302,ATUL JI UPADHYAY,ME1B,ME1B1,ME B
16.0,MMMUT260003231,2026051116,2026MED1303,AYUSH KUMAR,ME1B,ME1B1,ME B
17.0,MMMUT260002369,2026051117,2026MED1304,AYUSH KUMAR SINGH,ME1B,ME1B1,ME B
18.0,MMMUT260000116,2026051118,2026MED1305,AYUSH KUMAR SINGH,ME1B,ME1B1,ME B
19.0,MMMUT260003085,2026051119,2026MED1306,DEEPAK PASWAN,ME1B,ME1B1,ME B
20.0,MMMUT260004169,2026051120,2026MED1307,DIVANSHU SHIVAM,ME1B,ME1B1,ME B
21.0,MMMUT260001285,2026051121,2026MED1308,DIWAKAR TRIPATHI,ME1B,ME1B1,ME B
22.0,MMMUT260004868,2026051122,2026MED1309,DURGESH SINGH,ME1B,ME1B1,ME B
23.0,MMMUT260000451,2026051123,2026MED1310,GAURAV KUMAR GUPTA,ME1B,ME1B1,ME B
24.0,MMMUT260006851,2026051124,2026MED1311,HARSHIT KUMAR PRAJAPATI,ME1B,ME1B1,ME B
25.0,MMMUT260004973,2026051125,2026MED1312,HIMANSHU DEEKSHIT,ME1B,ME1B1,ME B
26.0,MMMUT260001836,2026051126,2026MED1313,HIMANSHU YADAV,ME1B,ME1B1,ME B
27.0,MMMUT260000731,2026051127,2026MED1314,JAY PRAKASH SHUKLA,ME1B,ME1B1,ME B
28.0,MMMUT260002242,2026051128,2026MED1315,KARTIKEY SHEKHAR,ME1B,ME1B1,ME B
29.0,MMMUT260002553,2026051129,2026MED1316,MAHI DWIVEDI,ME1B,ME1B1,ME B
30.0,MMMUT260001178,2026051130,2026MED1317,MUKESH KUMAR PRAJAPATI,ME1B,ME1B1,ME B
31.0,MMMUT260004078,2026051131,2026MED1318,NAITIK JAISWAL,ME1B,ME1B1,ME B
32.0,MMMUT260000944,2026051132,2026MED1319,NAVYA MISHRA,ME1B,ME1B1,ME B
33.0,MMMUT260002217,2026051133,2026MED1320,NIKHIL KUMAR,ME1B,ME1B1,ME B
34.0,MMMUT260001628,2026051134,2026MED1321,OMKAR YADAV,ME1B,ME1B1,ME B
35.0,MMMUT260004667,2026051135,2026MED1322,PIYUSH KUMAR BURNWAL,ME1B,ME1B1,ME B
36.0,MMMUT260000320,2026051136,2026MED1323,PIYUSH MISHRA,ME1B,ME1B2,ME B
37.0,MMMUT260000292,2026051137,2026MED1324,PIYUSH SAGAR,ME1B,ME1B2,ME B
38.0,MMMUT260000845,2026051138,2026MED1325,PRAKHAR VERMA,ME1B,ME1B2,ME B
39.0,MMMUT260000714,2026051139,2026MED1326,PRAKHAR SRIVASTAVA,ME1B,ME1B2,ME B
40.0,MMMUT260004748,2026051140,2026MED1327,PRANJAL,ME1B,ME1B2,ME B
41.0,MMMUT260001519,2026051141,2026MED1328,PRASHANT YADAV,ME1B,ME1B2,ME B
42.0,MMMUT260004278,2026051142,2026MED1329,PRIYANSHU YADAV,ME1B,ME1B2,ME B
43.0,MMMUT260004284,2026051143,2026MED1330,PURU TRIPATHI,ME1B,ME1B2,ME B
44.0,MMMUT260001687,2026051144,2026MED1331,RAGHAV VISHWAKARMA,ME1B,ME1B2,ME B
45.0,MMMUT260000715,2026051145,2026MED1332,RAJAN KUMAR JHA,ME1B,ME1B2,ME B
46.0,MMMUT260006837,2026051146,2026MED1333,RISHI,ME1B,ME1B2,ME B
47.0,MMMUT260003506,2026051147,2026MED1334,RUDRA PRATAP SINGH,ME1B,ME1B2,ME B
48.0,MMMUT260001317,2026051148,2026MED1335,SACHIN KUMAR,ME1B,ME1B2,ME B
49.0,MMMUT260000540,2026051149,2026MED1336,SADAF NAAZ,ME1B,ME1B2,ME B
50.0,MMMUT260004258,2026051150,2026MED1337,SANDEEP CHAURASIYA,ME1B,ME1B2,ME B
51.0,MMMUT260006735,2026051151,2026MED1338,SANJEEV RAO,ME1B,ME1B2,ME B
52.0,MMMUT260000417,2026051152,2026MED1339,SATVIK SRIVASTAVA,ME1B,ME1B2,ME B
53.0,MMMUT260004780,2026051153,2026MED1340,SATYAM KUSHWAHA,ME1B,ME1B2,ME B
54.0,MMMUT260004700,2026051154,2026MED1341,SHAILENDRA GAUTAM,ME1B,ME1B2,ME B
55.0,MMMUT260006763,2026051155,2026MED1342,SHAKIR RAZA,ME1B,ME1B2,ME B
56.0,MMMUT260000336,2026051156,2026MED1343,SHIRISH CHAUDHARY,ME1B,ME1B2,ME B
57.0,MMMUT260003672,2026051157,2026MED1344,SHIVANSH UPADHYA,ME1B,ME1B2,ME B
58.0,MMMUT260002452,2026051158,2026MED1345,SHIVANSHI SINGH,ME1B,ME1B2,ME B
59.0,MMMUT260003383,2026051159,2026MED1346,SHOURYA MISHRA,ME1B,ME1B2,ME B
60.0,MMMUT260000174,2026051160,2026MED1347,SHRADDHA,ME1B,ME1B2,ME B
61.0,MMMUT260003443,2026051161,2026MED1348,SHREYANSH SRIVASTAV,ME1B,ME1B2,ME B
62.0,MMMUT260001031,2026051162,2026MED1349,SHWETANK TIWARI,ME1B,ME1B2,ME B
63.0,MMMUT260006849,2026051163,2026MED1350,SIDDHARTH SRIVASTAV,ME1B,ME1B2,ME B
64.0,MMMUT260004935,2026051164,2026MED1351,VARNIT GUPTA,ME1B,ME1B2,ME B
65.0,MMMUT260000342,2026051165,2026MED1352,VINAY KUMAR GOND,ME1B,ME1B2,ME B
66.0,MMMUT260001344,2026051166,2026MED1353,VISHAL KUMAR,ME1B,ME1B2,ME B
67.0,MMMUT260001598,2026051167,2026MED1354,VIVEK KESHARWANI,ME1B,ME1B2,ME B
68.0,MMMUT260000259,2026051168,2026MED1355,YASH CHAUDHARY,ME1B,ME1B2,ME B
69.0,MMMUT260000711,2026051169,2026MED1356,YOGRAJ SHARMA,ME1B,ME1B2,ME B
1.0,MMMUT260000459,2026061001,2026CHD1357,ABHINAV KUMAR YADAV,CH1A,CH1A1,CHE A
2.0,MMMUT260003606,2026061002,2026CHD1358,ABHIST SHUKLA,CH1A,CH1A1,CHE A
3.0,MMMUT260004474,2026061003,2026CHD1359,ADARSH JAISWAL,CH1A,CH1A1,CHE A
4.0,MMMUT260003416,2026061004,2026CHD1360,ADITI CHAURASIYA,CH1A,CH1A1,CHE A
5.0,MMMUT260000637,2026061005,2026CHD1361,ADITI YADAV,CH1A,CH1A1,CHE A
6.0,MMMUT260003330,2026061006,2026CHD1362,ADITYA MISHRA,CH1A,CH1A1,CHE A
7.0,MMMUT260000335,2026061007,2026CHD1363,ADITYA RAJ,CH1A,CH1A1,CHE A
8.0,MMMUT260006778,2026061008,2026CHD1364,AKASH DWIVEDI,CH1A,CH1A1,CHE A
9.0,MMMUT260001956,2026061009,2026CHD1365,AMAN CHAUDHARY,CH1A,CH1A1,CHE A
10.0,MMMUT260001072,2026061010,2026CHD1366,AMIT KUMAR,CH1A,CH1A1,CHE A
11.0,MMMUT260001188,2026061011,2026CHD1367,ANANT YADAV,CH1A,CH1A1,CHE A
12.0,MMMUT260001043,2026061012,2026CHD1368,ANAY KATIYAR,CH1A,CH1A1,CHE A
13.0,MMMUT260003781,2026061013,2026CHD1369,ANKIT KUMAR YADAV,CH1A,CH1A1,CHE A
14.0,MMMUT260002279,2026061014,2026CHD1370,ANMOL SRIVASTAVA,CH1A,CH1A1,CHE A
15.0,MMMUT260004179,2026061015,2026CHD1371,ANSH KUMAR,CH1A,CH1A1,CHE A
16.0,MMMUT260003627,2026061016,2026CHD1372,ANSHIKA SEN,CH1A,CH1A1,CHE A
17.0,MMMUT260006866,2026061017,2026CHD1373,ANSHIKA SHUKLA,CH1A,CH1A1,CHE A
18.0,MMMUT260006808,2026061018,2026CHD1374,ANURAG SINGH,CH1A,CH1A1,CHE A
19.0,MMMUT260000343,2026061019,2026CHD1375,ANUSHQ PANDEY,CH1A,CH1A1,CHE A
20.0,MMMUT260002490,2026061020,2026CHD1376,ARK BAJPAI,CH1A,CH1A1,CHE A
21.0,MMMUT260001167,2026061021,2026CHD1377,ARYA DWIVEDI,CH1A,CH1A1,CHE A
22.0,MMMUT260003211,2026061022,2026CHD1378,ARYA MISHRA,CH1A,CH1A1,CHE A
23.0,MMMUT260003744,2026061023,2026CHD1379,ARYAN YADAV,CH1A,CH1A1,CHE A
24.0,MMMUT260001647,2026061024,2026CHD1380,ATUL KUMAR,CH1A,CH1A1,CHE A
25.0,MMMUT260000234,2026061025,2026CHD1381,AYUSH KUMAR MAHATO,CH1A,CH1A1,CHE A
26.0,MMMUT260000628,2026061026,2026CHD1382,DEVANSH JAISWAL,CH1A,CH1A1,CHE A
27.0,MMMUT260001278,2026061027,2026CHD1383,DEVESH TRIPATHI,CH1A,CH1A1,CHE A
28.0,MMMUT260000609,2026061028,2026CHD1384,GAVNISH SAINI,CH1A,CH1A1,CHE A
29.0,MMMUT260001714,2026061029,2026CHD1385,HARSH SHASTRI,CH1A,CH1A1,CHE A
30.0,MMMUT260002318,2026061030,2026CHD1386,HARSHIT KUMAR GAUTAM,CH1A,CH1A1,CHE A
31.0,MMMUT260003756,2026061031,2026CHD1387,JANVI SINGH,CH1A,CH1A1,CHE A
32.0,MMMUT260000492,2026061032,2026CHD1388,JYOTI CHAUDHARI,CH1A,CH1A1,CHE A
33.0,MMMUT260003116,2026061033,2026CHD1389,KRISHN MURARI CHAUHAN,CH1A,CH1A1,CHE A
34.0,MMMUT260000808,2026061034,2026CHD1390,KUMAR PRANAV PRAKASH,CH1A,CH1A1,CHE A
35.0,MMMUT260006687,2026061035,2026CHD1391,LUCKY GUPTA,CH1A,CH1A1,CHE A
36.0,MMMUT260000634,2026061036,2026CHD1392,MADHUMITA SRIVASTAVA,CH1A,CH1A2,CHE A
37.0,MMMUT260003301,2026061037,2026CHD1393,MAHANAND KUMAR,CH1A,CH1A2,CHE A
38.0,MMMUT260003942,2026061038,2026CHD1394,NIDA KHATOON,CH1A,CH1A2,CHE A
39.0,MMMUT260002900,2026061039,2026CHD1395,NITISH SHUKLA,CH1A,CH1A2,CHE A
40.0,MMMUT260002084,2026061040,2026CHD1396,PRANJAL BAIDYANATH,CH1A,CH1A2,CHE A
41.0,MMMUT260000938,2026061041,2026CHD1397,PRATIMA GUPTA,CH1A,CH1A2,CHE A
42.0,MMMUT260001898,2026061042,2026CHD1398,PRATYUSH KUMAR SINGH,CH1A,CH1A2,CHE A
43.0,MMMUT260003913,2026061043,2026CHD1399,PRINCE,CH1A,CH1A2,CHE A
44.0,MMMUT260006727,2026061044,2026CHD1400,RAJENDRA NARAYAN,CH1A,CH1A2,CHE A
45.0,MMMUT260003741,2026061045,2026CHD1401,RAUNAK SINGH,CH1A,CH1A2,CHE A
46.0,MMMUT260001975,2026061046,2026CHD1402,RUDRANSHU KUMAR TIWARI,CH1A,CH1A2,CHE A
47.0,MMMUT260001923,2026061047,2026CHD1403,SAKSHI PRAJAPATI,CH1A,CH1A2,CHE A
48.0,MMMUT260000332,2026061048,2026CHD1404,SAMRIDDHI,CH1A,CH1A2,CHE A
49.0,MMMUT260004126,2026061049,2026CHD1405,SARVAGYA SRIVASTAVA,CH1A,CH1A2,CHE A
50.0,MMMUT260001663,2026061050,2026CHD1406,SAURABH KUMAR,CH1A,CH1A2,CHE A
51.0,MMMUT260002330,2026061051,2026CHD1407,SHASHANK PATEL,CH1A,CH1A2,CHE A
52.0,MMMUT260003918,2026061052,2026CHD1408,SHASHANK SHEKHAR CHAUDHARY,CH1A,CH1A2,CHE A
53.0,MMMUT260002770,2026061053,2026CHD1409,SHIVAM PANDEY,CH1A,CH1A2,CHE A
54.0,MMMUT260003974,2026061054,2026CHD1410,SHIVANSH KUMAR PANDEY,CH1A,CH1A2,CHE A
55.0,MMMUT260002845,2026061055,2026CHD1411,SHORYA GUPTA,CH1A,CH1A2,CHE A
56.0,MMMUT260000418,2026061056,2026CHD1412,SHREY SHAURYA THAKUR,CH1A,CH1A2,CHE A
57.0,MMMUT260003681,2026061057,2026CHD1413,SHREYA SINGH,CH1A,CH1A2,CHE A
58.0,MMMUT260002566,2026061058,2026CHD1414,SIDDHARTH SINGH,CH1A,CH1A2,CHE A
59.0,MMMUT260001024,2026061059,2026CHD1415,SMRITI MISHRA,CH1A,CH1A2,CHE A
60.0,MMMUT260002768,2026061060,2026CHD1416,SUBHANA JAMEEL,CH1A,CH1A2,CHE A
61.0,MMMUT260002758,2026061061,2026CHD1417,SURAJ KUMAR RAI,CH1A,CH1A2,CHE A
62.0,MMMUT260002272,2026061062,2026CHD1418,SURAJ MAURYA,CH1A,CH1A2,CHE A
63.0,MMMUT260003194,2026061063,2026CHD1419,SWATI KUSHWAHA,CH1A,CH1A2,CHE A
64.0,MMMUT260002361,2026061064,2026CHD1420,TASMIYA FATMA,CH1A,CH1A2,CHE A
65.0,MMMUT260000850,2026061065,2026CHD1421,UTKARSH KUMAR,CH1A,CH1A2,CHE A
66.0,MMMUT260004663,2026061066,2026CHD1422,VANSH KUMAR,CH1A,CH1A2,CHE A
67.0,MMMUT260000327,2026061067,2026CHD1423,VARUN GOYAL,CH1A,CH1A2,CHE A
68.0,MMMUT260006610,2026061068,2026CHD1424,VIKAS CHAND CHAURASIA,CH1A,CH1A2,CHE A
69.0,MMMUT260001514,2026061069,2026CHD1425,YASH MISHRA,CH1A,CH1A2,CHE A
1.0,MMMUT260000390,2026071001,2026ITC1426,ABHAY YADAV,IT1A,IT1A1,IT A
2.0,MMMUT260004006,2026071002,2026ITC1427,ABHISHEK RAJ,IT1A,IT1A1,IT A
3.0,MMMUT260002755,2026071003,2026ITC1428,ADITI KUMARI,IT1A,IT1A1,IT A
4.0,MMMUT260000363,2026071004,2026ITC1429,ADITYA AGRAHARI,IT1A,IT1A1,IT A
5.0,MMMUT260004485,2026071005,2026ITC1430,ADITYA VERMA,IT1A,IT1A1,IT A
6.0,MMMUT260002766,2026071006,2026ITC1431,AKHILESH KUMAR,IT1A,IT1A1,IT A
7.0,MMMUT260002335,2026071007,2026ITC1432,ALOK KUMAR,IT1A,IT1A1,IT A
8.0,MMMUT260001016,2026071008,2026ITC1433,AMIT PANDEY,IT1A,IT1A1,IT A
9.0,MMMUT260000365,2026071009,2026ITC1434,ANSHUL YADAV,IT1A,IT1A1,IT A
10.0,MMMUT260003650,2026071010,2026ITC1435,ANUPAM GUPTA,IT1A,IT1A1,IT A
11.0,MMMUT260001203,2026071011,2026ITC1436,ANUSHKA TIWARI,IT1A,IT1A1,IT A
12.0,MMMUT260000898,2026071012,2026ITC1437,ANVESH SHARMA,IT1A,IT1A1,IT A
13.0,MMMUT260002612,2026071013,2026ITC1438,ARMAN KHAN,IT1A,IT1A1,IT A
14.0,MMMUT260000421,2026071014,2026ITC1439,ARPIT PATEL,IT1A,IT1A1,IT A
15.0,MMMUT260000064,2026071015,2026ITC1440,ARYAN CHAUDHARY,IT1A,IT1A1,IT A
16.0,MMMUT260002102,2026071016,2026ITC1441,ASHWIN KUMAR,IT1A,IT1A1,IT A
17.0,MMMUT260001050,2026071017,2026ITC1442,AVIRAL SINGH,IT1A,IT1A1,IT A
18.0,MMMUT260001385,2026071018,2026ITC1443,AYUSH KUMAR,IT1A,IT1A1,IT A
19.0,MMMUT260001276,2026071019,2026ITC1444,AYUSH KUMAR MISHRA,IT1A,IT1A1,IT A
20.0,MMMUT260001187,2026071020,2026ITC1445,AYUSHI TIWARI,IT1A,IT1A1,IT A
21.0,MMMUT260000246,2026071021,2026ITC1446,AYUSHMAN,IT1A,IT1A1,IT A
22.0,MMMUT260002624,2026071022,2026ITC1447,DEEPAK BHATT,IT1A,IT1A1,IT A
23.0,MMMUT260005040,2026071023,2026ITC1448,DEVANSH,IT1A,IT1A1,IT A
24.0,MMMUT260003814,2026071024,2026ITC1449,DEVESH KUMAR UPADHYAY,IT1A,IT1A1,IT A
25.0,MMMUT260004665,2026071025,2026ITC1450,DISHANT DUBEY,IT1A,IT1A1,IT A
26.0,MMMUT260004206,2026071026,2026ITC1451,DIVYANSHU PRAJAPATI,IT1A,IT1A1,IT A
27.0,MMMUT260000474,2026071027,2026ITC1452,GAURAV PRAJAPATI,IT1A,IT1A1,IT A
28.0,MMMUT260001876,2026071028,2026ITC1453,HIMANSHU VERMA,IT1A,IT1A1,IT A
29.0,MMMUT260000467,2026071029,2026ITC1454,ISHU KUMAR,IT1A,IT1A1,IT A
30.0,MMMUT260001860,2026071030,2026ITC1455,JATIN BANSAL,IT1A,IT1A1,IT A
31.0,MMMUT260000865,2026071031,2026ITC1456,JAYANAND,IT1A,IT1A1,IT A
32.0,MMMUT260004543,2026071032,2026ITC1457,KAVYA SHARMA,IT1A,IT1A1,IT A
33.0,MMMUT260003271,2026071033,2026ITC1458,KHUSHIL VARSHNEY,IT1A,IT1A1,IT A
34.0,MMMUT260001060,2026071034,2026ITC1459,KOMAL SINGH,IT1A,IT1A1,IT A
35.0,MMMUT260000117,2026071035,2026ITC1460,KRISHNA MAHESHWARI,IT1A,IT1A1,IT A
36.0,MMMUT260002784,2026071036,2026ITC1461,LAVKUSH KUMAR,IT1A,IT1A2,IT A
37.0,MMMUT260001921,2026071037,2026ITC1462,MANJESH,IT1A,IT1A2,IT A
38.0,MMMUT260003478,2026071038,2026ITC1463,MASOOM ALAM,IT1A,IT1A2,IT A
39.0,MMMUT260000886,2026071039,2026ITC1464,MAYANK SHARMA,IT1A,IT1A2,IT A
40.0,MMMUT260003548,2026071040,2026ITC1465,MOHAMMAD JUNAID CHAUDHARY,IT1A,IT1A2,IT A
41.0,MMMUT260001584,2026071041,2026ITC1466,NAMAN BARNWAL,IT1A,IT1A2,IT A
42.0,MMMUT260000187,2026071042,2026ITC1467,OM JEE,IT1A,IT1A2,IT A
43.0,MMMUT260002575,2026071043,2026ITC1468,PALAK SHUKLA,IT1A,IT1A2,IT A
44.0,MMMUT260002015,2026071044,2026ITC1469,PARI GUPTA,IT1A,IT1A2,IT A
45.0,MMMUT260003178,2026071045,2026ITC1470,PRANJHAL PRATAP SINGH,IT1A,IT1A2,IT A
46.0,MMMUT260000249,2026071046,2026ITC1471,PRASHANT PANDEY,IT1A,IT1A2,IT A
47.0,MMMUT260001495,2026071047,2026ITC1472,PRIYANKA SHUKLA,IT1A,IT1A2,IT A
48.0,MMMUT260003498,2026071048,2026ITC1473,PRIYANSHU ARYA,IT1A,IT1A2,IT A
49.0,MMMUT260000092,2026071049,2026ITC1474,RAJ GUPTA,IT1A,IT1A2,IT A
50.0,MMMUT260004406,2026071050,2026ITC1475,RISHI KRISHNA,IT1A,IT1A2,IT A
51.0,MMMUT260001492,2026071051,2026ITC1476,RISHITA,IT1A,IT1A2,IT A
52.0,MMMUT260000931,2026071052,2026ITC1477,RUDRANSHU PRATAP SINGH,IT1A,IT1A2,IT A
53.0,MMMUT260002444,2026071053,2026ITC1478,SAHIL KUMAR,IT1A,IT1A2,IT A
54.0,MMMUT260001140,2026071054,2026ITC1479,SAI KUMAR TYAGI,IT1A,IT1A2,IT A
55.0,MMMUT260005014,2026071055,2026ITC1480,SAKSHAM SINGH,IT1A,IT1A2,IT A
56.0,MMMUT260003472,2026071056,2026ITC1481,SANIYA KUMARI,IT1A,IT1A2,IT A
57.0,MMMUT260001182,2026071057,2026ITC1482,SAUMYA MAURYA,IT1A,IT1A2,IT A
58.0,MMMUT260003868,2026071058,2026ITC1483,SHAKALDEEP KUMAR,IT1A,IT1A2,IT A
59.0,MMMUT260002822,2026071059,2026ITC1484,SHASHIKANT GOND,IT1A,IT1A2,IT A
60.0,MMMUT260001435,2026071060,2026ITC1485,SHIVAM PRATAP SINGH,IT1A,IT1A2,IT A
61.0,MMMUT260002048,2026071061,2026ITC1486,SHREYASH,IT1A,IT1A2,IT A
62.0,MMMUT260002839,2026071062,2026ITC1487,SNEHIL TRIPATHI,IT1A,IT1A2,IT A
63.0,MMMUT260004795,2026071063,2026ITC1488,SRIJAL KUMARI,IT1A,IT1A2,IT A
64.0,MMMUT260002846,2026071064,2026ITC1489,SUDHIR,IT1A,IT1A2,IT A
65.0,MMMUT260000969,2026071065,2026ITC1490,SUHANI SONKAR,IT1A,IT1A2,IT A
66.0,MMMUT260004768,2026071066,2026ITC1491,SUSHANT KUMAR,IT1A,IT1A2,IT A
67.0,MMMUT260004027,2026071067,2026ITC1492,SWARIT KUMAR SINGH,IT1A,IT1A2,IT A
68.0,MMMUT260001807,2026071068,2026ITC1493,UDIT KUMAR BARNWAL,IT1A,IT1A2,IT A
69.0,MMMUT260003294,2026071069,2026ITC1494,VINAY KUMAR ANAND,IT1A,IT1A2,IT A
1.0,MMMUT260004151,2026071101,2026ITC1495,AAKASH SINGH,IT1B,IT1B1,IT B
2.0,MMMUT260001592,2026071102,2026ITC1496,AANYA VISHWAKARMA,IT1B,IT1B1,IT B
3.0,MMMUT260002460,2026071103,2026ITC1497,ABDUL SAMAD,IT1B,IT1B1,IT B
4.0,MMMUT260002284,2026071104,2026ITC1498,ABHINAV VERMA,IT1B,IT1B1,IT B
5.0,MMMUT260000610,2026071105,2026ITC1499,ADARSH GUPTA,IT1B,IT1B1,IT B
6.0,MMMUT260003621,2026071106,2026ITC1500,AKANKSHA SINGH,IT1B,IT1B1,IT B
7.0,MMMUT260000951,2026071107,2026ITC1501,AMAN KUMAR GUPTA,IT1B,IT1B1,IT B
8.0,MMMUT260002161,2026071108,2026ITC1502,AMIT KANDU,IT1B,IT1B1,IT B
9.0,MMMUT260002110,2026071109,2026ITC1503,ANAMIKA,IT1B,IT1B1,IT B
10.0,MMMUT260000948,2026071110,2026ITC1504,ANKITA RAWAT,IT1B,IT1B1,IT B
11.0,MMMUT260000370,2026071111,2026ITC1505,ANSH VERMA,IT1B,IT1B1,IT B
12.0,MMMUT260001579,2026071112,2026ITC1506,ANSHUMAN MISHRA,IT1B,IT1B1,IT B
13.0,MMMUT260004291,2026071113,2026ITC1507,ANTRIKSH CHAUDHARY,IT1B,IT1B1,IT B
14.0,MMMUT260001217,2026071114,2026ITC1508,ANUSHKA PAL,IT1B,IT1B1,IT B
15.0,MMMUT260004150,2026071115,2026ITC1509,ARNAV PRASHANT ADHAU,IT1B,IT1B1,IT B
16.0,MMMUT260002364,2026071116,2026ITC1510,ARPIT KUMAR GAUTAM,IT1B,IT1B1,IT B
17.0,MMMUT260001543,2026071117,2026ITC1511,ARTHANTER RATHORE,IT1B,IT1B1,IT B
18.0,MMMUT260002918,2026071118,2026ITC1512,ARYAN KUMAR GUPTA,IT1B,IT1B1,IT B
19.0,MMMUT260005018,2026071119,2026ITC1513,ASHISH YADAV,IT1B,IT1B1,IT B
20.0,MMMUT260002377,2026071120,2026ITC1514,ATHARV SHARMA,IT1B,IT1B1,IT B
21.0,MMMUT260001848,2026071121,2026ITC1515,ATMA PRAKASH PANDEY,IT1B,IT1B1,IT B
22.0,MMMUT260001299,2026071122,2026ITC1516,AVIRAL TIWARI,IT1B,IT1B1,IT B
23.0,MMMUT260000356,2026071123,2026ITC1517,AYUSH KUMAR,IT1B,IT1B1,IT B
24.0,MMMUT260000746,2026071124,2026ITC1518,AYUSH PASWAN,IT1B,IT1B1,IT B
25.0,MMMUT260004019,2026071125,2026ITC1519,DEVANSH PANDEY,IT1B,IT1B1,IT B
26.0,MMMUT260000471,2026071126,2026ITC1520,DIVYANKA PRASAD,IT1B,IT1B1,IT B
27.0,MMMUT260000934,2026071127,2026ITC1521,DIVYANSHU,IT1B,IT1B1,IT B
28.0,MMMUT260003566,2026071128,2026ITC1522,HARSH AGRAWAL,IT1B,IT1B1,IT B
29.0,MMMUT260003640,2026071129,2026ITC1523,HARSH SACHAN,IT1B,IT1B1,IT B
30.0,MMMUT260001902,2026071130,2026ITC1524,HIMANSHU SINGH,IT1B,IT1B1,IT B
31.0,MMMUT260001070,2026071131,2026ITC1525,ISHAAN SINGH,IT1B,IT1B1,IT B
32.0,MMMUT260002324,2026071132,2026ITC1526,ISHITA SHARMA,IT1B,IT1B1,IT B
33.0,MMMUT260004688,2026071133,2026ITC1527,KAUSHAL KUMAR,IT1B,IT1B1,IT B
34.0,MMMUT260001019,2026071134,2026ITC1528,KUSHAGRA SAXENA,IT1B,IT1B1,IT B
35.0,MMMUT260000231,2026071135,2026ITC1529,KUSHAGRA UPADHYAY,IT1B,IT1B1,IT B
36.0,MMMUT260003676,2026071136,2026ITC1530,LUV SRIVASTAVA,IT1B,IT1B2,IT B
37.0,MMMUT260002875,2026071137,2026ITC1531,MANAS SINGH,IT1B,IT1B2,IT B
38.0,MMMUT260003453,2026071138,2026ITC1532,MANISH YADAV,IT1B,IT1B2,IT B
39.0,MMMUT260002446,2026071139,2026ITC1533,MOHAMMAD ASHRAF,IT1B,IT1B2,IT B
40.0,MMMUT260000095,2026071140,2026ITC1534,NAITIK KANAUJIYA,IT1B,IT1B2,IT B
41.0,MMMUT260001858,2026071141,2026ITC1535,NAVEEN KASAUDHAN,IT1B,IT1B2,IT B
42.0,MMMUT260000906,2026071142,2026ITC1536,NILESH KUMAR,IT1B,IT1B2,IT B
43.0,MMMUT260001735,2026071143,2026ITC1537,NIRBHAY KUMAR,IT1B,IT1B2,IT B
44.0,MMMUT260001927,2026071144,2026ITC1538,PARTH SAHU,IT1B,IT1B2,IT B
45.0,MMMUT260001812,2026071145,2026ITC1539,PRAGATI PAL,IT1B,IT1B2,IT B
46.0,MMMUT260002402,2026071146,2026ITC1540,PRATYAKSH PANDEY,IT1B,IT1B2,IT B
47.0,MMMUT260003787,2026071147,2026ITC1541,PRIYANSHU DUBEY,IT1B,IT1B2,IT B
48.0,MMMUT260001305,2026071148,2026ITC1542,RAVINA GUPTA,IT1B,IT1B2,IT B
49.0,MMMUT260002303,2026071149,2026ITC1543,SAKSHAM SINGH,IT1B,IT1B2,IT B
50.0,MMMUT260003887,2026071150,2026ITC1544,SAKSHAM TIWARI,IT1B,IT1B2,IT B
51.0,MMMUT260000761,2026071151,2026ITC1545,SAKSHI SRIVASTAVA,IT1B,IT1B2,IT B
52.0,MMMUT260000796,2026071152,2026ITC1546,SAMRIDHI TRIPATHI,IT1B,IT1B2,IT B
53.0,MMMUT260000813,2026071153,2026ITC1547,SARTHAK SINGH,IT1B,IT1B2,IT B
54.0,MMMUT260004174,2026071154,2026ITC1548,SHAILESH KUMAR,IT1B,IT1B2,IT B
55.0,MMMUT260003138,2026071155,2026ITC1549,SHIVAM,IT1B,IT1B2,IT B
56.0,MMMUT260001912,2026071156,2026ITC1550,SHIVAM CHAUBEY,IT1B,IT1B2,IT B
57.0,MMMUT260002058,2026071157,2026ITC1551,SHIVANSH SINGH CHANDEL,IT1B,IT1B2,IT B
58.0,MMMUT260000818,2026071158,2026ITC1552,SHRADDHA SINGH,IT1B,IT1B2,IT B
59.0,MMMUT260003517,2026071159,2026ITC1553,SHREYA DHARIA,IT1B,IT1B2,IT B
60.0,MMMUT260001451,2026071160,2026ITC1554,SHUBH PANDEY,IT1B,IT1B2,IT B
61.0,MMMUT260003623,2026071161,2026ITC1555,SRASHTI GUPTA,IT1B,IT1B2,IT B
62.0,MMMUT260000649,2026071162,2026ITC1556,SUNIDH KUMAR,IT1B,IT1B2,IT B
63.0,MMMUT260003105,2026071163,2026ITC1557,SWETIKA SRIVASTAVA,IT1B,IT1B2,IT B
64.0,MMMUT260002143,2026071164,2026ITC1558,VANSH AGARWAL,IT1B,IT1B2,IT B
65.0,MMMUT260003256,2026071165,2026ITC1559,VEDANCH RAI,IT1B,IT1B2,IT B
66.0,MMMUT260003749,2026071166,2026ITC1560,VIKASH SHARMA,IT1B,IT1B2,IT B
67.0,MMMUT260001118,2026071167,2026ITC1561,VISHAL SINGH,IT1B,IT1B2,IT B
68.0,MMMUT260002602,2026071168,2026ITC1562,YASH SHARMA,IT1B,IT1B2,IT B
69.0,MMMUT260001887,2026071169,2026ITC1563,YUVRAJ SINGH,IT1B,IT1B2,IT B
